FIPS Code,Patients,Hospitalized,ICU,Death
01001,4235.0,116.0,0.0,0.0
01003,12467.0,218.0,0.0,88.0
01005,1326.0,51.0,0.0,0.0
01007,1744.0,58.0,0.0,0.0
01009,4739.0,73.0,0.0,11.0
01011,0.0,0.0,0.0,0.0
01013,0.0,0.0,0.0,0.0
01015,8588.0,186.0,0.0,21.0
01017,2190.0,136.0,0.0,11.0
01019,1294.0,30.0,0.0,0.0
01021,2832.0,93.0,0.0,0.0
01023,0.0,0.0,0.0,0.0
01025,2242.0,65.0,0.0,0.0
01027,0.0,0.0,0.0,0.0
01029,0.0,0.0,0.0,0.0
01031,3362.0,62.0,0.0,0.0
01033,4308.0,104.0,0.0,0.0
01035,0.0,0.0,0.0,0.0
01037,0.0,0.0,0.0,0.0
01039,2691.0,49.0,0.0,15.0
01041,0.0,0.0,0.0,0.0
01043,6595.0,95.0,0.0,40.0
01045,3068.0,71.0,1.0,0.0
01047,2459.0,122.0,0.0,0.0
01049,6497.0,76.0,0.0,11.0
01051,5661.0,157.0,0.0,15.0
01053,2433.0,63.0,0.0,0.0
01055,9173.0,198.0,0.0,106.0
01057,0.0,0.0,0.0,0.0
01059,3107.0,75.0,0.0,0.0
01061,1583.0,33.0,0.0,0.0
01063,0.0,0.0,0.0,0.0
01065,0.0,0.0,0.0,0.0
01067,0.0,0.0,0.0,0.0
01069,6856.0,144.0,0.0,12.0
01071,4637.0,65.0,0.0,0.0
01073,49427.0,1061.0,0.0,656.0
01075,0.0,0.0,0.0,0.0
01077,6062.0,121.0,0.0,51.0
01079,1999.0,63.0,0.0,0.0
01081,9914.0,175.0,0.0,17.0
01083,6401.0,134.0,0.0,24.0
01085,0.0,0.0,0.0,0.0
01087,0.0,0.0,0.0,0.0
01089,19062.0,333.0,1.0,107.0
01091,0.0,0.0,0.0,0.0
01093,1904.0,66.0,0.0,0.0
01095,8524.0,121.0,0.0,38.0
01097,24295.0,981.0,0.0,185.0
01099,1056.0,22.0,0.0,0.0
01101,14835.0,569.0,0.0,121.0
01103,9738.0,137.0,0.0,76.0
01105,0.0,0.0,0.0,0.0
01107,0.0,0.0,0.0,0.0
01109,1817.0,32.0,0.0,0.0
01111,1196.0,47.0,0.0,0.0
01113,2623.0,44.0,0.0,0.0
01115,6142.0,170.0,0.0,81.0
01117,14603.0,200.0,0.0,26.0
01119,0.0,0.0,0.0,0.0
01121,4717.0,125.0,0.0,0.0
01123,2191.0,129.0,0.0,43.0
01125,16757.0,386.0,0.0,41.0
01127,4997.0,198.0,0.0,41.0
01129,0.0,0.0,0.0,0.0
01131,0.0,0.0,0.0,0.0
01133,1833.0,55.0,0.0,0.0
02013,0.0,0.0,0.0,0.0
02016,0.0,0.0,0.0,0.0
02020,23160.0,653.0,169.0,0.0
02050,0.0,0.0,0.0,0.0
02060,0.0,0.0,0.0,0.0
02068,0.0,0.0,0.0,0.0
02070,0.0,0.0,0.0,0.0
02090,5009.0,85.0,28.0,0.0
02100,0.0,0.0,0.0,0.0
02105,0.0,0.0,0.0,0.0
02110,963.0,41.0,22.0,0.0
02122,3504.0,75.0,30.0,0.0
02130,0.0,0.0,0.0,0.0
02150,0.0,0.0,0.0,0.0
02158,0.0,0.0,0.0,0.0
02164,0.0,0.0,0.0,0.0
02170,6629.0,82.0,19.0,0.0
02180,0.0,0.0,0.0,0.0
02185,0.0,0.0,0.0,0.0
02188,0.0,0.0,0.0,0.0
02195,0.0,0.0,0.0,0.0
02198,0.0,0.0,0.0,0.0
02220,0.0,0.0,0.0,0.0
02230,0.0,0.0,0.0,0.0
02240,0.0,0.0,0.0,0.0
02261,0.0,0.0,0.0,0.0
02275,0.0,0.0,0.0,0.0
02282,0.0,0.0,0.0,0.0
02290,0.0,0.0,0.0,0.0
04001,8009.0,726.0,0.0,43.0
04003,8131.0,569.0,0.0,43.0
04005,11920.0,1001.0,0.0,40.0
04007,5093.0,520.0,0.0,24.0
04009,3528.0,229.0,0.0,0.0
04011,0.0,0.0,0.0,0.0
04012,0.0,0.0,0.0,0.0
04013,353842.0,34749.0,1.0,6259.0
04015,14283.0,1299.0,0.0,255.0
04017,12037.0,1347.0,0.0,103.0
04019,77417.0,6344.0,0.0,1239.0
04021,31612.0,3660.0,0.0,227.0
04023,6396.0,458.0,0.0,26.0
04025,12699.0,1108.0,0.0,240.0
04027,29441.0,1969.0,0.0,442.0
05001,0.0,0.0,0.0,0.0
05003,0.0,0.0,0.0,0.0
05005,1552.0,127.0,35.0,24.0
05007,15496.0,541.0,169.0,139.0
05009,2155.0,96.0,38.0,25.0
05011,0.0,0.0,0.0,0.0
05013,0.0,0.0,0.0,0.0
05015,1841.0,89.0,30.0,0.0
05017,0.0,0.0,0.0,0.0
05019,1121.0,103.0,37.0,0.0
05021,0.0,0.0,0.0,0.0
05023,951.0,96.0,34.0,0.0
05025,0.0,0.0,0.0,0.0
05027,1033.0,76.0,21.0,0.0
05029,1121.0,83.0,21.0,0.0
05031,9282.0,705.0,177.0,99.0
05033,4015.0,246.0,46.0,28.0
05035,4286.0,290.0,85.0,0.0
05037,0.0,0.0,0.0,0.0
05039,0.0,0.0,0.0,0.0
05041,0.0,0.0,0.0,0.0
05043,0.0,0.0,0.0,0.0
05045,6547.0,377.0,126.0,73.0
05047,0.0,0.0,0.0,0.0
05049,0.0,0.0,0.0,0.0
05051,5504.0,285.0,69.0,98.0
05053,0.0,0.0,0.0,0.0
05055,3727.0,254.0,55.0,17.0
05057,972.0,53.0,22.0,0.0
05059,3019.0,161.0,49.0,0.0
05061,0.0,0.0,0.0,0.0
05063,2017.0,179.0,56.0,19.0
05065,0.0,0.0,0.0,0.0
05067,0.0,0.0,0.0,0.0
05069,5533.0,481.0,163.0,0.0
05071,1651.0,86.0,25.0,0.0
05073,0.0,0.0,0.0,0.0
05075,0.0,0.0,0.0,0.0
05077,0.0,0.0,0.0,0.0
05079,0.0,0.0,0.0,0.0
05081,0.0,0.0,0.0,0.0
05083,1239.0,62.0,12.0,0.0
05085,3209.0,279.0,82.0,38.0
05087,0.0,0.0,0.0,0.0
05089,0.0,0.0,0.0,0.0
05091,1980.0,123.0,31.0,0.0
05093,4030.0,370.0,114.0,0.0
05095,0.0,0.0,0.0,0.0
05097,0.0,0.0,0.0,0.0
05099,0.0,0.0,0.0,0.0
05101,0.0,0.0,0.0,0.0
05103,1270.0,58.0,18.0,0.0
05105,0.0,0.0,0.0,0.0
05107,0.0,0.0,0.0,0.0
05109,0.0,0.0,0.0,0.0
05111,2183.0,224.0,63.0,18.0
05113,0.0,0.0,0.0,0.0
05115,4770.0,294.0,98.0,0.0
05117,0.0,0.0,0.0,0.0
05119,22810.0,1968.0,571.0,312.0
05121,0.0,0.0,0.0,0.0
05123,2655.0,150.0,64.0,0.0
05125,6262.0,422.0,132.0,70.0
05127,0.0,0.0,0.0,0.0
05129,0.0,0.0,0.0,0.0
05131,8572.0,476.0,103.0,106.0
05133,0.0,0.0,0.0,0.0
05135,0.0,0.0,0.0,0.0
05137,0.0,0.0,0.0,0.0
05139,2039.0,97.0,57.0,0.0
05141,0.0,0.0,0.0,0.0
05143,17855.0,714.0,241.0,78.0
05145,3548.0,152.0,23.0,28.0
05147,0.0,0.0,0.0,0.0
05149,2224.0,138.0,46.0,0.0
06001,54332.0,2539.0,333.0,310.0
06003,0.0,0.0,0.0,0.0
06005,2698.0,92.0,18.0,0.0
06007,8018.0,349.0,51.0,53.0
06009,1214.0,19.0,1.0,0.0
06011,1372.0,56.0,5.0,0.0
06013,43508.0,2902.0,410.0,231.0
06015,749.0,6.0,2.0,0.0
06017,6692.0,215.0,58.0,58.0
06019,72606.0,2879.0,347.0,754.0
06021,1653.0,113.0,18.0,0.0
06023,1902.0,78.0,18.0,0.0
06025,23716.0,1764.0,300.0,411.0
06027,0.0,0.0,0.0,0.0
06029,69682.0,4419.0,782.0,450.0
06031,16897.0,554.0,64.0,0.0
06033,2001.0,115.0,51.0,0.0
06035,4501.0,12.0,2.0,0.0
06037,793624.0,62451.0,12430.0,15463.0
06039,11510.0,395.0,62.0,12.0
06041,10206.0,316.0,42.0,39.0
06043,0.0,0.0,0.0,0.0
06045,2530.0,182.0,26.0,0.0
06047,20122.0,1065.0,252.0,81.0
06049,0.0,0.0,0.0,0.0
06051,0.0,0.0,0.0,0.0
06053,30042.0,1087.0,154.0,57.0
06055,6366.0,246.0,51.0,0.0
06057,2879.0,110.0,17.0,38.0
06059,175713.0,7819.0,1503.0,3026.0
06061,15190.0,635.0,87.0,108.0
06063,0.0,0.0,0.0,0.0
06065,198999.0,5686.0,746.0,2555.0
06067,69942.0,3696.0,684.0,758.0
06069,3949.0,154.0,33.0,0.0
06071,216115.0,7894.0,1123.0,2944.0
06073,176182.0,10288.0,1390.0,1873.0
06075,25060.0,1154.0,197.0,102.0
06077,48873.0,2350.0,592.0,548.0
06079,12209.0,519.0,68.0,78.0
06081,26931.0,261.0,70.0,56.0
06083,19530.0,834.0,121.0,62.0
06085,76856.0,4341.0,755.0,912.0
06087,10173.0,359.0,49.0,52.0
06089,8670.0,381.0,58.0,35.0
06091,0.0,0.0,0.0,0.0
06093,983.0,46.0,10.0,0.0
06095,21017.0,844.0,192.0,0.0
06097,20478.0,864.0,154.0,78.0
06099,36853.0,1828.0,189.0,287.0
06101,6750.0,322.0,60.0,0.0
06103,3255.0,119.0,31.0,0.0
06105,0.0,0.0,0.0,0.0
06107,35668.0,1733.0,184.0,238.0
06109,3005.0,125.0,17.0,0.0
06111,45337.0,1948.0,356.0,292.0
06113,9155.0,473.0,107.0,0.0
06115,4039.0,163.0,35.0,0.0
08001,31057.0,2069.0,1.0,287.0
08003,0.0,0.0,0.0,0.0
08005,35324.0,2624.0,8.0,499.0
08007,0.0,0.0,0.0,0.0
08009,0.0,0.0,0.0,0.0
08011,0.0,0.0,0.0,0.0
08013,10631.0,606.0,3.0,131.0
08014,2232.0,144.0,4.0,0.0
08015,839.0,18.0,0.0,0.0
08017,0.0,0.0,0.0,0.0
08019,0.0,0.0,0.0,0.0
08021,0.0,0.0,0.0,0.0
08023,0.0,0.0,0.0,0.0
08025,0.0,0.0,0.0,0.0
08027,0.0,0.0,0.0,0.0
08029,1620.0,89.0,0.0,12.0
08031,38325.0,3103.0,111.0,393.0
08033,0.0,0.0,0.0,0.0
08035,12748.0,652.0,0.0,161.0
08037,3066.0,97.0,1.0,0.0
08039,689.0,45.0,0.0,0.0
08041,34474.0,2037.0,29.0,514.0
08043,4482.0,98.0,0.0,0.0
08045,3651.0,179.0,0.0,0.0
08047,0.0,0.0,0.0,0.0
08049,0.0,0.0,0.0,0.0
08051,0.0,0.0,0.0,0.0
08053,0.0,0.0,0.0,0.0
08055,0.0,0.0,0.0,0.0
08057,0.0,0.0,0.0,0.0
08059,23737.0,1702.0,55.0,494.0
08061,0.0,0.0,0.0,0.0
08063,0.0,0.0,0.0,0.0
08065,0.0,0.0,0.0,0.0
08067,2132.0,68.0,1.0,0.0
08069,9981.0,637.0,1.0,108.0
08071,0.0,0.0,0.0,0.0
08073,0.0,0.0,0.0,0.0
08075,2662.0,141.0,0.0,20.0
08077,7891.0,351.0,2.0,92.0
08079,0.0,0.0,0.0,0.0
08081,0.0,0.0,0.0,0.0
08083,1098.0,75.0,0.0,0.0
08085,1874.0,95.0,0.0,0.0
08087,1755.0,186.0,3.0,12.0
08089,0.0,0.0,0.0,0.0
08091,0.0,0.0,0.0,0.0
08093,0.0,0.0,0.0,0.0
08095,0.0,0.0,0.0,0.0
08097,0.0,0.0,0.0,0.0
08099,0.0,0.0,0.0,0.0
08101,12265.0,991.0,11.0,206.0
08103,0.0,0.0,0.0,0.0
08105,0.0,0.0,0.0,0.0
08107,933.0,20.0,0.0,0.0
08109,0.0,0.0,0.0,0.0
08111,0.0,0.0,0.0,0.0
08113,0.0,0.0,0.0,0.0
08115,0.0,0.0,0.0,0.0
08117,1814.0,62.0,5.0,0.0
08119,965.0,61.0,0.0,0.0
08121,0.0,0.0,0.0,0.0
08123,18416.0,1575.0,23.0,157.0
08125,0.0,0.0,0.0,0.0
09001,53085.0,2507.0,0.0,1204.0
09003,43110.0,2491.0,0.0,1275.0
09005,6937.0,304.0,0.0,108.0
09007,6164.0,340.0,0.0,104.0
09009,43795.0,3406.0,0.0,985.0
09011,9891.0,205.0,0.0,80.0
09013,4356.0,133.0,0.0,11.0
09015,4640.0,81.0,0.0,0.0
10001,8128.0,12.0,1.0,0.0
10003,31943.0,22.0,0.0,0.0
10005,13988.0,8.0,0.0,0.0
11001,0.0,0.0,0.0,0.0
12001,10439.0,377.0,0.0,37.0
12003,1866.0,95.0,0.0,0.0
12005,6604.0,424.0,0.0,137.0
12007,1849.0,88.0,0.0,0.0
12009,11205.0,1033.0,0.0,414.0
12011,111546.0,5784.0,2.0,1602.0
12013,0.0,0.0,0.0,0.0
12015,4504.0,382.0,0.0,135.0
12017,4914.0,319.0,0.0,210.0
12019,6661.0,427.0,2.0,118.0
12021,14947.0,858.0,0.0,145.0
12023,4386.0,224.0,0.0,31.0
12027,2529.0,151.0,0.0,12.0
12029,0.0,0.0,0.0,0.0
12031,23294.0,1203.0,0.0,620.0
12033,13948.0,849.0,0.0,280.0
12035,2655.0,181.0,0.0,0.0
12037,0.0,0.0,0.0,0.0
12039,2574.0,183.0,0.0,0.0
12041,0.0,0.0,0.0,0.0
12043,0.0,0.0,0.0,0.0
12045,0.0,0.0,0.0,0.0
12047,0.0,0.0,0.0,0.0
12049,1694.0,113.0,0.0,0.0
12051,2522.0,203.0,0.0,0.0
12053,5599.0,418.0,0.0,265.0
12055,3695.0,297.0,0.0,87.0
12057,43735.0,1838.0,2.0,863.0
12059,0.0,0.0,0.0,0.0
12061,4752.0,387.0,0.0,105.0
12063,3077.0,186.0,0.0,25.0
12065,0.0,0.0,0.0,0.0
12067,0.0,0.0,0.0,0.0
12069,7051.0,739.0,0.0,228.0
12071,22455.0,1547.0,3.0,576.0
12073,10964.0,291.0,0.0,38.0
12075,1490.0,95.0,0.0,0.0
12077,0.0,0.0,0.0,0.0
12079,0.0,0.0,0.0,0.0
12081,13271.0,863.0,0.0,225.0
12083,13158.0,1052.0,0.0,402.0
12085,6493.0,396.0,0.0,106.0
12086,206372.0,7224.0,1.0,4895.0
12087,2740.0,126.0,0.0,0.0
12089,2522.0,162.0,0.0,34.0
12091,8557.0,350.0,0.0,139.0
12093,1999.0,157.0,0.0,0.0
12095,38255.0,1551.0,0.0,455.0
12097,14135.0,858.0,0.0,83.0
12099,61741.0,3733.0,1.0,1803.0
12101,14773.0,1217.0,0.0,336.0
12103,30758.0,2672.0,0.0,1100.0
12105,22362.0,2434.0,0.0,698.0
12107,3534.0,338.0,0.0,11.0
12109,8064.0,395.0,0.0,63.0
12111,10283.0,773.0,0.0,235.0
12113,7578.0,408.0,1.0,83.0
12115,8302.0,744.0,1.0,423.0
12117,9523.0,612.0,0.0,213.0
12119,3686.0,285.0,0.0,42.0
12121,3282.0,166.0,0.0,0.0
12123,1456.0,41.0,0.0,0.0
12125,0.0,0.0,0.0,0.0
12127,12643.0,997.0,0.0,268.0
12129,1188.0,55.0,0.0,0.0
12131,2492.0,141.0,0.0,0.0
12133,1365.0,60.0,0.0,0.0
13001,0.0,0.0,0.0,0.0
13003,0.0,0.0,0.0,0.0
13005,0.0,0.0,0.0,0.0
13007,0.0,0.0,0.0,0.0
13009,1823.0,33.0,0.0,0.0
13011,0.0,0.0,0.0,0.0
13013,3229.0,54.0,0.0,0.0
13015,6181.0,6.0,0.0,0.0
13017,0.0,0.0,0.0,0.0
13019,0.0,0.0,0.0,0.0
13021,6681.0,145.0,0.0,12.0
13023,0.0,0.0,0.0,0.0
13025,0.0,0.0,0.0,0.0
13027,0.0,0.0,0.0,0.0
13029,1394.0,29.0,0.0,0.0
13031,3202.0,23.0,0.0,0.0
13033,663.0,6.0,0.0,0.0
13035,1141.0,18.0,0.0,0.0
13037,0.0,0.0,0.0,0.0
13039,2072.0,3.0,0.0,0.0
13043,0.0,0.0,0.0,0.0
13045,5215.0,14.0,0.0,0.0
13047,2810.0,2.0,0.0,0.0
13049,0.0,0.0,0.0,0.0
13051,9043.0,165.0,0.0,13.0
13053,0.0,0.0,0.0,0.0
13055,1473.0,0.0,0.0,0.0
13057,12753.0,162.0,0.0,12.0
13059,6710.0,32.0,0.0,0.0
13061,0.0,0.0,0.0,0.0
13063,10362.0,30.0,0.0,0.0
13065,0.0,0.0,0.0,0.0
13067,33610.0,124.0,2.0,0.0
13069,2929.0,102.0,0.0,13.0
13071,2431.0,18.0,0.0,0.0
13073,6342.0,60.0,0.0,0.0
13075,0.0,0.0,0.0,0.0
13077,4810.0,6.0,0.0,0.0
13079,0.0,0.0,0.0,0.0
13081,887.0,7.0,0.0,0.0
13083,0.0,0.0,0.0,0.0
13085,655.0,24.0,0.0,0.0
13087,1326.0,11.0,0.0,0.0
13089,27055.0,271.0,1.0,0.0
13091,1036.0,12.0,0.0,0.0
13093,0.0,0.0,0.0,0.0
13095,2658.0,126.0,0.0,0.0
13097,5912.0,95.0,0.0,0.0
13099,0.0,0.0,0.0,0.0
13101,0.0,0.0,0.0,0.0
13103,2014.0,37.0,0.0,0.0
13105,0.0,0.0,0.0,0.0
13107,0.0,0.0,0.0,0.0
13109,0.0,0.0,0.0,0.0
13111,1002.0,10.0,0.0,0.0
13113,3339.0,7.0,1.0,0.0
13115,5613.0,2.0,0.0,0.0
13117,6737.0,147.0,0.0,0.0
13119,1037.0,15.0,0.0,0.0
13121,42714.0,219.0,1.0,14.0
13123,1502.0,6.0,0.0,0.0
13125,0.0,0.0,0.0,0.0
13127,3649.0,4.0,0.0,0.0
13129,3795.0,12.0,1.0,0.0
13131,863.0,24.0,0.0,0.0
13133,0.0,0.0,0.0,0.0
13135,40319.0,595.0,0.0,17.0
13137,1592.0,35.0,0.0,0.0
13139,8105.0,120.0,0.0,0.0
13141,0.0,0.0,0.0,0.0
13143,1328.0,0.0,0.0,0.0
13145,955.0,10.0,0.0,0.0
13147,962.0,4.0,0.0,0.0
13149,0.0,0.0,0.0,0.0
13151,9629.0,16.0,0.0,0.0
13153,6719.0,18.0,0.0,0.0
13155,0.0,0.0,0.0,0.0
13157,3576.0,41.0,0.0,0.0
13159,0.0,0.0,0.0,0.0
13161,0.0,0.0,0.0,0.0
13163,0.0,0.0,0.0,0.0
13165,0.0,0.0,0.0,0.0
13167,0.0,0.0,0.0,0.0
13169,808.0,11.0,0.0,0.0
13171,0.0,0.0,0.0,0.0
13173,0.0,0.0,0.0,0.0
13175,2946.0,7.0,0.0,0.0
13177,928.0,20.0,0.0,0.0
13179,1221.0,16.0,0.0,0.0
13181,0.0,0.0,0.0,0.0
13183,0.0,0.0,0.0,0.0
13185,5318.0,61.0,0.0,0.0
13187,0.0,0.0,0.0,0.0
13189,743.0,4.0,0.0,0.0
13191,0.0,0.0,0.0,0.0
13193,0.0,0.0,0.0,0.0
13195,1422.0,11.0,0.0,0.0
13197,0.0,0.0,0.0,0.0
13199,505.0,6.0,0.0,0.0
13201,0.0,0.0,0.0,0.0
13205,816.0,32.0,0.0,0.0
13207,1074.0,18.0,0.0,0.0
13209,0.0,0.0,0.0,0.0
13211,0.0,0.0,0.0,0.0
13213,2454.0,10.0,0.0,0.0
13215,6688.0,40.0,0.0,11.0
13217,4462.0,12.0,0.0,0.0
13219,1426.0,11.0,0.0,0.0
13221,0.0,0.0,0.0,0.0
13223,6097.0,12.0,0.0,0.0
13225,1093.0,6.0,0.0,0.0
13227,1458.0,12.0,0.0,0.0
13229,0.0,0.0,0.0,0.0
13231,0.0,0.0,0.0,0.0
13233,2727.0,2.0,0.0,0.0
13235,0.0,0.0,0.0,0.0
13237,894.0,9.0,0.0,0.0
13239,0.0,0.0,0.0,0.0
13241,0.0,0.0,0.0,0.0
13243,0.0,0.0,0.0,0.0
13245,10253.0,64.0,0.0,0.0
13247,3147.0,7.0,0.0,0.0
13249,0.0,0.0,0.0,0.0
13251,0.0,0.0,0.0,0.0
13253,0.0,0.0,0.0,0.0
13255,2575.0,79.0,0.0,0.0
13257,0.0,0.0,0.0,0.0
13259,0.0,0.0,0.0,0.0
13261,870.0,20.0,0.0,0.0
13263,0.0,0.0,0.0,0.0
13265,0.0,0.0,0.0,0.0
13267,1041.0,15.0,0.0,0.0
13269,0.0,0.0,0.0,0.0
13271,0.0,0.0,0.0,0.0
13273,0.0,0.0,0.0,0.0
13275,1687.0,59.0,0.0,0.0
13277,2046.0,121.0,0.0,0.0
13279,1683.0,12.0,0.0,0.0
13281,0.0,0.0,0.0,0.0
13283,0.0,0.0,0.0,0.0
13285,3019.0,63.0,0.0,15.0
13287,0.0,0.0,0.0,0.0
13289,0.0,0.0,0.0,0.0
13291,0.0,0.0,0.0,0.0
13293,661.0,6.0,0.0,0.0
13295,3213.0,0.0,0.0,0.0
13297,4066.0,28.0,0.0,0.0
13299,2272.0,27.0,0.0,0.0
13301,0.0,0.0,0.0,0.0
13303,918.0,7.0,0.0,0.0
13305,1494.0,30.0,0.0,0.0
13307,0.0,0.0,0.0,0.0
13309,0.0,0.0,0.0,0.0
13311,638.0,24.0,0.0,0.0
13313,10132.0,6.0,0.0,0.0
13315,0.0,0.0,0.0,0.0
13317,0.0,0.0,0.0,0.0
13319,0.0,0.0,0.0,0.0
13321,677.0,33.0,0.0,0.0
15001,1592.0,1.0,0.0,0.0
15003,13195.0,0.0,0.0,0.0
15005,0.0,0.0,0.0,0.0
15007,0.0,0.0,0.0,0.0
15009,666.0,0.0,0.0,0.0
16001,38942.0,1301.0,0.0,293.0
16003,0.0,0.0,0.0,0.0
16005,6536.0,285.0,0.0,15.0
16007,0.0,0.0,0.0,0.0
16009,0.0,0.0,0.0,0.0
16011,3671.0,202.0,0.0,0.0
16013,1525.0,111.0,0.0,0.0
16015,0.0,0.0,0.0,0.0
16017,2031.0,45.0,0.0,0.0
16019,10533.0,477.0,0.0,70.0
16021,0.0,0.0,0.0,0.0
16023,0.0,0.0,0.0,0.0
16025,0.0,0.0,0.0,0.0
16027,21078.0,831.0,0.0,131.0
16029,0.0,0.0,0.0,0.0
16031,2540.0,88.0,0.0,0.0
16033,0.0,0.0,0.0,0.0
16035,0.0,0.0,0.0,0.0
16037,0.0,0.0,0.0,0.0
16039,1361.0,61.0,0.0,0.0
16041,0.0,0.0,0.0,0.0
16043,0.0,0.0,0.0,0.0
16045,0.0,0.0,0.0,0.0
16047,0.0,0.0,0.0,0.0
16049,0.0,0.0,0.0,0.0
16051,2074.0,96.0,0.0,0.0
16053,2208.0,128.0,0.0,0.0
16055,13174.0,613.0,0.0,87.0
16057,2189.0,17.0,0.0,0.0
16059,0.0,0.0,0.0,0.0
16061,0.0,0.0,0.0,0.0
16063,0.0,0.0,0.0,0.0
16065,5368.0,64.0,0.0,0.0
16067,2029.0,83.0,0.0,0.0
16069,3062.0,52.0,0.0,0.0
16071,0.0,0.0,0.0,0.0
16073,0.0,0.0,0.0,0.0
16075,2038.0,90.0,0.0,0.0
16077,0.0,0.0,0.0,0.0
16079,0.0,0.0,0.0,0.0
16081,0.0,0.0,0.0,0.0
16083,7986.0,527.0,0.0,58.0
16085,0.0,0.0,0.0,0.0
16087,0.0,0.0,0.0,0.0
17001,7037.0,193.0,13.0,88.0
17003,0.0,0.0,0.0,0.0
17005,0.0,0.0,0.0,0.0
17007,5203.0,264.0,27.0,27.0
17009,0.0,0.0,0.0,0.0
17011,2834.0,56.0,5.0,41.0
17013,0.0,0.0,0.0,0.0
17015,0.0,0.0,0.0,0.0
17017,0.0,0.0,0.0,0.0
17019,14199.0,125.0,42.0,55.0
17021,2971.0,59.0,9.0,0.0
17023,0.0,0.0,0.0,0.0
17025,0.0,0.0,0.0,0.0
17027,4667.0,94.0,15.0,0.0
17029,4467.0,208.0,8.0,22.0
17031,424138.0,28839.0,5525.0,10745.0
17033,0.0,0.0,0.0,0.0
17035,0.0,0.0,0.0,0.0
17037,7035.0,444.0,41.0,51.0
17039,0.0,0.0,0.0,0.0
17041,0.0,0.0,0.0,0.0
17043,65800.0,4860.0,699.0,1143.0
17045,0.0,0.0,0.0,0.0
17047,0.0,0.0,0.0,0.0
17049,4016.0,73.0,1.0,17.0
17051,2716.0,106.0,4.0,0.0
17053,0.0,0.0,0.0,0.0
17055,3558.0,147.0,3.0,30.0
17057,2471.0,43.0,3.0,0.0
17059,0.0,0.0,0.0,0.0
17061,0.0,0.0,0.0,0.0
17063,4153.0,78.0,9.0,29.0
17065,0.0,0.0,0.0,0.0
17067,0.0,0.0,0.0,0.0
17069,0.0,0.0,0.0,0.0
17071,0.0,0.0,0.0,0.0
17073,3874.0,60.0,2.0,57.0
17075,2423.0,87.0,12.0,28.0
17077,3699.0,135.0,20.0,25.0
17079,0.0,0.0,0.0,0.0
17081,3270.0,65.0,4.0,37.0
17083,2107.0,20.0,2.0,13.0
17085,1437.0,49.0,6.0,0.0
17087,0.0,0.0,0.0,0.0
17089,44369.0,3122.0,456.0,526.0
17091,11204.0,370.0,77.0,104.0
17093,9153.0,463.0,64.0,25.0
17095,4484.0,109.0,12.0,108.0
17097,50628.0,3990.0,597.0,688.0
17099,9017.0,226.0,20.0,173.0
17101,0.0,0.0,0.0,0.0
17103,2873.0,43.0,1.0,37.0
17105,3229.0,43.0,8.0,29.0
17107,2811.0,86.0,2.0,31.0
17109,2027.0,98.0,5.0,12.0
17111,20349.0,1458.0,190.0,227.0
17113,12528.0,414.0,24.0,132.0
17115,8421.0,323.0,26.0,113.0
17117,3613.0,44.0,7.0,50.0
17119,22567.0,693.0,91.0,404.0
17121,3723.0,101.0,4.0,49.0
17123,0.0,0.0,0.0,0.0
17125,0.0,0.0,0.0,0.0
17127,0.0,0.0,0.0,0.0
17129,0.0,0.0,0.0,0.0
17131,0.0,0.0,0.0,0.0
17133,3318.0,96.0,10.0,12.0
17135,2786.0,90.0,7.0,0.0
17137,3190.0,103.0,14.0,37.0
17139,0.0,0.0,0.0,0.0
17141,4339.0,182.0,4.0,16.0
17143,14100.0,782.0,50.0,175.0
17145,2347.0,83.0,3.0,33.0
17147,0.0,0.0,0.0,0.0
17149,0.0,0.0,0.0,0.0
17151,0.0,0.0,0.0,0.0
17153,0.0,0.0,0.0,0.0
17155,0.0,0.0,0.0,0.0
17157,3535.0,45.0,11.0,26.0
17159,0.0,0.0,0.0,0.0
17161,11594.0,235.0,61.0,208.0
17163,20678.0,828.0,158.0,252.0
17165,1951.0,31.0,3.0,0.0
17167,13722.0,718.0,41.0,170.0
17169,0.0,0.0,0.0,0.0
17171,0.0,0.0,0.0,0.0
17173,1813.0,60.0,0.0,14.0
17175,0.0,0.0,0.0,0.0
17177,3417.0,103.0,16.0,42.0
17179,11038.0,287.0,18.0,219.0
17181,0.0,0.0,0.0,0.0
17183,6858.0,160.0,5.0,71.0
17185,0.0,0.0,0.0,0.0
17187,0.0,0.0,0.0,0.0
17189,0.0,0.0,0.0,0.0
17191,0.0,0.0,0.0,0.0
17193,0.0,0.0,0.0,0.0
17195,5051.0,146.0,11.0,104.0
17197,56671.0,3284.0,374.0,717.0
17199,5772.0,222.0,7.0,82.0
17201,25482.0,716.0,133.0,366.0
17203,2960.0,53.0,2.0,31.0
18001,2224.0,9.0,0.0,0.0
18003,17500.0,370.0,0.0,213.0
18005,3067.0,56.0,0.0,16.0
18007,0.0,0.0,0.0,0.0
18009,0.0,0.0,0.0,0.0
18011,5117.0,40.0,0.0,38.0
18013,0.0,0.0,0.0,0.0
18015,1729.0,16.0,0.0,0.0
18017,3191.0,13.0,0.0,0.0
18019,5636.0,88.0,0.0,36.0
18021,1422.0,11.0,0.0,0.0
18023,2323.0,18.0,0.0,0.0
18025,0.0,0.0,0.0,0.0
18027,1516.0,35.0,0.0,15.0
18029,2349.0,22.0,0.0,11.0
18031,1344.0,28.0,0.0,0.0
18033,1893.0,10.0,0.0,16.0
18035,5447.0,154.0,0.0,0.0
18037,3624.0,28.0,0.0,13.0
18039,12967.0,97.0,0.0,76.0
18041,1417.0,11.0,0.0,0.0
18043,3472.0,105.0,0.0,23.0
18045,0.0,0.0,0.0,0.0
18047,891.0,25.0,0.0,12.0
18049,0.0,0.0,0.0,0.0
18051,1388.0,22.0,0.0,0.0
18053,3722.0,108.0,0.0,0.0
18055,2032.0,8.0,0.0,0.0
18057,15088.0,207.0,2.0,165.0
18059,4123.0,51.0,0.0,11.0
18061,2214.0,37.0,0.0,0.0
18063,8261.0,115.0,1.0,71.0
18065,3107.0,10.0,0.0,0.0
18067,4186.0,58.0,1.0,0.0
18069,1624.0,7.0,0.0,16.0
18071,2308.0,15.0,0.0,0.0
18073,1241.0,15.0,0.0,0.0
18075,972.0,37.0,0.0,0.0
18077,1460.0,0.0,0.0,0.0
18079,1112.0,18.0,1.0,0.0
18081,7300.0,66.0,0.0,128.0
18083,1984.0,47.0,0.0,0.0
18085,4495.0,12.0,0.0,0.0
18087,1393.0,25.0,0.0,0.0
18089,21091.0,742.0,1.0,126.0
18091,1759.0,33.0,0.0,0.0
18093,2626.0,31.0,0.0,35.0
18095,4668.0,86.0,0.0,88.0
18097,34400.0,695.0,4.0,568.0
18099,2242.0,6.0,0.0,0.0
18101,0.0,0.0,0.0,0.0
18103,1744.0,40.0,0.0,0.0
18105,4035.0,22.0,0.0,43.0
18107,1617.0,31.0,0.0,0.0
18109,1913.0,33.0,0.0,0.0
18111,0.0,0.0,0.0,0.0
18113,2514.0,11.0,0.0,0.0
18115,0.0,0.0,0.0,0.0
18117,0.0,0.0,0.0,0.0
18119,0.0,0.0,0.0,0.0
18121,0.0,0.0,0.0,0.0
18123,0.0,0.0,0.0,0.0
18125,0.0,0.0,0.0,0.0
18127,7812.0,71.0,0.0,87.0
18129,0.0,0.0,0.0,0.0
18131,0.0,0.0,0.0,0.0
18133,1398.0,6.0,0.0,0.0
18135,1366.0,18.0,0.0,15.0
18137,1571.0,6.0,0.0,0.0
18139,0.0,0.0,0.0,0.0
18141,6237.0,112.0,0.0,33.0
18143,1293.0,14.0,0.0,0.0
18145,2221.0,105.0,0.0,0.0
18147,753.0,8.0,0.0,0.0
18149,962.0,2.0,0.0,0.0
18151,1481.0,50.0,0.0,0.0
18153,1002.0,4.0,0.0,0.0
18155,0.0,0.0,0.0,0.0
18157,7067.0,60.0,0.0,31.0
18159,0.0,0.0,0.0,0.0
18161,0.0,0.0,0.0,0.0
18163,2743.0,43.0,0.0,35.0
18165,0.0,0.0,0.0,0.0
18167,6132.0,88.0,0.0,35.0
18169,1495.0,6.0,0.0,0.0
18171,0.0,0.0,0.0,0.0
18173,830.0,17.0,0.0,0.0
18175,744.0,20.0,0.0,0.0
18177,3501.0,23.0,0.0,28.0
18179,1277.0,23.0,0.0,0.0
18181,1143.0,18.0,0.0,0.0
18183,1335.0,5.0,0.0,0.0
19001,0.0,0.0,0.0,0.0
19003,0.0,0.0,0.0,0.0
19005,0.0,0.0,0.0,0.0
19007,0.0,0.0,0.0,0.0
19009,0.0,0.0,0.0,0.0
19011,2215.0,34.0,8.0,0.0
19013,14451.0,299.0,70.0,28.0
19015,2206.0,30.0,4.0,0.0
19017,2531.0,14.0,2.0,0.0
19019,1648.0,22.0,2.0,0.0
19021,0.0,0.0,0.0,0.0
19023,0.0,0.0,0.0,0.0
19025,0.0,0.0,0.0,0.0
19027,2592.0,56.0,7.0,0.0
19029,0.0,0.0,0.0,0.0
19031,0.0,0.0,0.0,0.0
19033,4875.0,47.0,5.0,0.0
19035,0.0,0.0,0.0,0.0
19037,0.0,0.0,0.0,0.0
19039,0.0,0.0,0.0,0.0
19041,0.0,0.0,0.0,0.0
19043,0.0,0.0,0.0,0.0
19045,4713.0,61.0,15.0,0.0
19047,0.0,0.0,0.0,0.0
19049,9464.0,92.0,31.0,25.0
19051,0.0,0.0,0.0,0.0
19053,0.0,0.0,0.0,0.0
19055,0.0,0.0,0.0,0.0
19057,3944.0,81.0,15.0,0.0
19059,0.0,0.0,0.0,0.0
19061,12101.0,145.0,37.0,0.0
19063,0.0,0.0,0.0,0.0
19065,0.0,0.0,0.0,0.0
19067,0.0,0.0,0.0,0.0
19069,0.0,0.0,0.0,0.0
19071,0.0,0.0,0.0,0.0
19073,0.0,0.0,0.0,0.0
19075,0.0,0.0,0.0,0.0
19077,0.0,0.0,0.0,0.0
19079,0.0,0.0,0.0,0.0
19081,0.0,0.0,0.0,0.0
19083,0.0,0.0,0.0,0.0
19085,0.0,0.0,0.0,0.0
19087,0.0,0.0,0.0,0.0
19089,0.0,0.0,0.0,0.0
19091,0.0,0.0,0.0,0.0
19093,0.0,0.0,0.0,0.0
19095,0.0,0.0,0.0,0.0
19097,0.0,0.0,0.0,0.0
19099,3634.0,48.0,26.0,0.0
19101,0.0,0.0,0.0,0.0
19103,12655.0,144.0,47.0,0.0
19105,2796.0,35.0,9.0,0.0
19107,0.0,0.0,0.0,0.0
19109,0.0,0.0,0.0,0.0
19111,3245.0,33.0,10.0,0.0
19113,18473.0,461.0,104.0,58.0
19115,0.0,0.0,0.0,0.0
19117,0.0,0.0,0.0,0.0
19119,0.0,0.0,0.0,0.0
19121,0.0,0.0,0.0,0.0
19123,1979.0,63.0,6.0,0.0
19125,3126.0,62.0,18.0,0.0
19127,4469.0,78.0,29.0,0.0
19129,0.0,0.0,0.0,0.0
19131,0.0,0.0,0.0,0.0
19133,0.0,0.0,0.0,0.0
19135,0.0,0.0,0.0,0.0
19137,0.0,0.0,0.0,0.0
19139,4154.0,128.0,37.0,29.0
19141,0.0,0.0,0.0,0.0
19143,0.0,0.0,0.0,0.0
19145,0.0,0.0,0.0,0.0
19147,0.0,0.0,0.0,0.0
19149,3661.0,60.0,19.0,0.0
19151,0.0,0.0,0.0,0.0
19153,48695.0,500.0,157.0,144.0
19155,9444.0,238.0,48.0,11.0
19157,0.0,0.0,0.0,0.0
19159,0.0,0.0,0.0,0.0
19161,0.0,0.0,0.0,0.0
19163,16443.0,313.0,50.0,17.0
19165,0.0,0.0,0.0,0.0
19167,4775.0,78.0,16.0,0.0
19169,9390.0,61.0,13.0,0.0
19171,0.0,0.0,0.0,0.0
19173,0.0,0.0,0.0,0.0
19175,0.0,0.0,0.0,0.0
19177,0.0,0.0,0.0,0.0
19179,3570.0,148.0,43.0,30.0
19181,4682.0,48.0,9.0,0.0
19183,2175.0,73.0,9.0,0.0
19185,0.0,0.0,0.0,0.0
19187,4794.0,59.0,14.0,0.0
19189,0.0,0.0,0.0,0.0
19191,0.0,0.0,0.0,0.0
19193,13860.0,591.0,166.0,0.0
19195,0.0,0.0,0.0,0.0
19197,0.0,0.0,0.0,0.0
20001,0.0,0.0,0.0,0.0
20003,0.0,0.0,0.0,0.0
20005,0.0,0.0,0.0,0.0
20007,0.0,0.0,0.0,0.0
20009,2179.0,113.0,17.0,0.0
20011,0.0,0.0,0.0,0.0
20013,0.0,0.0,0.0,0.0
20015,5443.0,210.0,47.0,11.0
20017,0.0,0.0,0.0,0.0
20019,0.0,0.0,0.0,0.0
20021,0.0,0.0,0.0,0.0
20023,0.0,0.0,0.0,0.0
20025,0.0,0.0,0.0,0.0
20027,0.0,0.0,0.0,0.0
20029,0.0,0.0,0.0,0.0
20031,0.0,0.0,0.0,0.0
20033,0.0,0.0,0.0,0.0
20035,2488.0,213.0,8.0,28.0
20037,3570.0,151.0,55.0,11.0
20039,0.0,0.0,0.0,0.0
20041,0.0,0.0,0.0,0.0
20043,0.0,0.0,0.0,0.0
20045,6470.0,314.0,53.0,31.0
20047,0.0,0.0,0.0,0.0
20049,0.0,0.0,0.0,0.0
20051,3175.0,144.0,9.0,11.0
20053,0.0,0.0,0.0,0.0
20055,4752.0,165.0,16.0,0.0
20057,5193.0,294.0,54.0,0.0
20059,1774.0,98.0,0.0,0.0
20061,1811.0,69.0,4.0,0.0
20063,0.0,0.0,0.0,0.0
20065,0.0,0.0,0.0,0.0
20067,0.0,0.0,0.0,0.0
20069,0.0,0.0,0.0,0.0
20071,0.0,0.0,0.0,0.0
20073,0.0,0.0,0.0,0.0
20075,0.0,0.0,0.0,0.0
20077,0.0,0.0,0.0,0.0
20079,2645.0,159.0,25.0,24.0
20081,0.0,0.0,0.0,0.0
20083,0.0,0.0,0.0,0.0
20085,0.0,0.0,0.0,0.0
20087,0.0,0.0,0.0,0.0
20089,0.0,0.0,0.0,0.0
20091,39522.0,1849.0,286.0,445.0
20093,0.0,0.0,0.0,0.0
20095,0.0,0.0,0.0,0.0
20097,0.0,0.0,0.0,0.0
20099,0.0,0.0,0.0,0.0
20101,0.0,0.0,0.0,0.0
20103,4949.0,248.0,63.0,0.0
20105,0.0,0.0,0.0,0.0
20107,0.0,0.0,0.0,0.0
20109,0.0,0.0,0.0,0.0
20111,3469.0,221.0,32.0,0.0
20113,2491.0,142.0,65.0,29.0
20115,0.0,0.0,0.0,0.0
20117,0.0,0.0,0.0,0.0
20119,0.0,0.0,0.0,0.0
20121,1964.0,137.0,20.0,0.0
20123,0.0,0.0,0.0,0.0
20125,2362.0,86.0,10.0,27.0
20127,0.0,0.0,0.0,0.0
20129,0.0,0.0,0.0,0.0
20131,0.0,0.0,0.0,0.0
20133,0.0,0.0,0.0,0.0
20135,0.0,0.0,0.0,0.0
20137,0.0,0.0,0.0,0.0
20139,0.0,0.0,0.0,0.0
20141,0.0,0.0,0.0,0.0
20143,0.0,0.0,0.0,0.0
20145,0.0,0.0,0.0,0.0
20147,0.0,0.0,0.0,0.0
20149,1253.0,74.0,8.0,0.0
20151,0.0,0.0,0.0,0.0
20153,0.0,0.0,0.0,0.0
20155,6584.0,383.0,94.0,85.0
20157,0.0,0.0,0.0,0.0
20159,0.0,0.0,0.0,0.0
20161,3728.0,105.0,11.0,0.0
20163,0.0,0.0,0.0,0.0
20165,0.0,0.0,0.0,0.0
20167,0.0,0.0,0.0,0.0
20169,4697.0,242.0,93.0,73.0
20171,0.0,0.0,0.0,0.0
20173,41792.0,2266.0,380.0,326.0
20175,3454.0,323.0,69.0,0.0
20177,12156.0,653.0,114.0,178.0
20179,0.0,0.0,0.0,0.0
20181,0.0,0.0,0.0,0.0
20183,0.0,0.0,0.0,0.0
20185,0.0,0.0,0.0,0.0
20187,0.0,0.0,0.0,0.0
20189,0.0,0.0,0.0,0.0
20191,1480.0,93.0,13.0,0.0
20193,0.0,0.0,0.0,0.0
20195,0.0,0.0,0.0,0.0
20197,0.0,0.0,0.0,0.0
20199,0.0,0.0,0.0,0.0
20201,0.0,0.0,0.0,0.0
20203,0.0,0.0,0.0,0.0
20205,0.0,0.0,0.0,0.0
20207,0.0,0.0,0.0,0.0
20209,16369.0,1099.0,193.0,23.0
21001,0.0,0.0,0.0,0.0
21003,2399.0,147.0,0.0,0.0
21005,2284.0,107.0,0.0,12.0
21007,0.0,0.0,0.0,0.0
21009,1741.0,85.0,0.0,0.0
21011,0.0,0.0,0.0,0.0
21013,1816.0,104.0,0.0,0.0
21015,0.0,0.0,0.0,0.0
21017,0.0,0.0,0.0,0.0
21019,2984.0,78.0,0.0,0.0
21021,1599.0,80.0,0.0,0.0
21023,0.0,0.0,0.0,0.0
21025,0.0,0.0,0.0,0.0
21027,0.0,0.0,0.0,0.0
21029,4111.0,146.0,0.0,0.0
21031,0.0,0.0,0.0,0.0
21033,0.0,0.0,0.0,0.0
21035,2291.0,75.0,0.0,0.0
21037,0.0,0.0,0.0,0.0
21039,0.0,0.0,0.0,0.0
21041,0.0,0.0,0.0,0.0
21043,1361.0,69.0,1.0,0.0
21045,0.0,0.0,0.0,0.0
21047,0.0,0.0,0.0,0.0
21049,1266.0,57.0,0.0,0.0
21051,0.0,0.0,0.0,0.0
21053,0.0,0.0,0.0,0.0
21055,0.0,0.0,0.0,0.0
21057,0.0,0.0,0.0,0.0
21059,5062.0,152.0,0.0,25.0
21061,0.0,0.0,0.0,0.0
21063,0.0,0.0,0.0,0.0
21065,0.0,0.0,0.0,0.0
21067,10522.0,498.0,0.0,40.0
21069,0.0,0.0,0.0,0.0
21071,1640.0,99.0,0.0,0.0
21073,1982.0,103.0,0.0,0.0
21075,0.0,0.0,0.0,0.0
21077,0.0,0.0,0.0,0.0
21079,0.0,0.0,0.0,0.0
21081,0.0,0.0,0.0,0.0
21083,2566.0,206.0,0.0,0.0
21085,1271.0,97.0,0.0,0.0
21087,0.0,0.0,0.0,0.0
21089,0.0,0.0,0.0,0.0
21091,0.0,0.0,0.0,0.0
21093,5311.0,309.0,0.0,28.0
21095,1297.0,50.0,0.0,0.0
21097,0.0,0.0,0.0,0.0
21099,0.0,0.0,0.0,0.0
21101,2610.0,72.0,0.0,0.0
21103,0.0,0.0,0.0,0.0
21105,0.0,0.0,0.0,0.0
21107,2557.0,253.0,1.0,49.0
21109,0.0,0.0,0.0,0.0
21111,6164.0,769.0,1.0,47.0
21113,2368.0,131.0,0.0,26.0
21115,0.0,0.0,0.0,0.0
21117,0.0,0.0,0.0,0.0
21119,0.0,0.0,0.0,0.0
21121,2068.0,63.0,1.0,0.0
21123,0.0,0.0,0.0,0.0
21125,3939.0,209.0,0.0,0.0
21127,0.0,0.0,0.0,0.0
21129,0.0,0.0,0.0,0.0
21131,0.0,0.0,0.0,0.0
21133,1094.0,45.0,0.0,0.0
21135,0.0,0.0,0.0,0.0
21137,1094.0,47.0,0.0,0.0
21139,0.0,0.0,0.0,0.0
21141,0.0,0.0,0.0,0.0
21143,0.0,0.0,0.0,0.0
21145,2410.0,114.0,0.0,0.0
21147,0.0,0.0,0.0,0.0
21149,0.0,0.0,0.0,0.0
21151,5259.0,222.0,0.0,24.0
21153,0.0,0.0,0.0,0.0
21155,0.0,0.0,0.0,0.0
21157,1166.0,56.0,0.0,0.0
21159,0.0,0.0,0.0,0.0
21161,0.0,0.0,0.0,0.0
21163,1095.0,59.0,0.0,0.0
21165,0.0,0.0,0.0,0.0
21167,858.0,40.0,0.0,0.0
21169,0.0,0.0,0.0,0.0
21171,0.0,0.0,0.0,0.0
21173,1522.0,86.0,1.0,0.0
21175,0.0,0.0,0.0,0.0
21177,1702.0,58.0,0.0,0.0
21179,2531.0,123.0,0.0,0.0
21181,0.0,0.0,0.0,0.0
21183,1328.0,43.0,0.0,0.0
21185,1706.0,110.0,0.0,13.0
21187,0.0,0.0,0.0,0.0
21189,0.0,0.0,0.0,0.0
21191,0.0,0.0,0.0,0.0
21193,1513.0,93.0,0.0,0.0
21195,2729.0,72.0,0.0,0.0
21197,0.0,0.0,0.0,0.0
21199,2711.0,98.0,0.0,12.0
21201,0.0,0.0,0.0,0.0
21203,0.0,0.0,0.0,0.0
21205,1247.0,33.0,0.0,0.0
21207,0.0,0.0,0.0,0.0
21209,1936.0,42.0,0.0,0.0
21211,1987.0,100.0,0.0,0.0
21213,0.0,0.0,0.0,0.0
21215,0.0,0.0,0.0,0.0
21217,1740.0,47.0,0.0,0.0
21219,0.0,0.0,0.0,0.0
21221,0.0,0.0,0.0,0.0
21223,0.0,0.0,0.0,0.0
21225,0.0,0.0,0.0,0.0
21227,3062.0,222.0,1.0,11.0
21229,0.0,0.0,0.0,0.0
21231,873.0,29.0,0.0,0.0
21233,0.0,0.0,0.0,0.0
21235,2260.0,117.0,0.0,0.0
21237,0.0,0.0,0.0,0.0
21239,1299.0,52.0,0.0,0.0
22001,0.0,0.0,0.0,0.0
22003,0.0,0.0,0.0,0.0
22005,0.0,0.0,0.0,0.0
22007,0.0,0.0,0.0,0.0
22009,0.0,0.0,0.0,0.0
22011,0.0,0.0,0.0,0.0
22013,0.0,0.0,0.0,0.0
22015,0.0,0.0,0.0,0.0
22017,1813.0,166.0,53.0,0.0
22019,0.0,0.0,0.0,0.0
22021,0.0,0.0,0.0,0.0
22023,0.0,0.0,0.0,0.0
22025,0.0,0.0,0.0,0.0
22027,0.0,0.0,0.0,0.0
22029,0.0,0.0,0.0,0.0
22031,0.0,0.0,0.0,0.0
22033,1438.0,84.0,26.0,0.0
22035,0.0,0.0,0.0,0.0
22037,0.0,0.0,0.0,0.0
22039,0.0,0.0,0.0,0.0
22041,0.0,0.0,0.0,0.0
22043,0.0,0.0,0.0,0.0
22045,0.0,0.0,0.0,0.0
22047,0.0,0.0,0.0,0.0
22049,0.0,0.0,0.0,0.0
22051,1547.0,216.0,68.0,29.0
22053,0.0,0.0,0.0,0.0
22055,0.0,0.0,0.0,0.0
22057,0.0,0.0,0.0,0.0
22059,0.0,0.0,0.0,0.0
22061,0.0,0.0,0.0,0.0
22063,0.0,0.0,0.0,0.0
22065,0.0,0.0,0.0,0.0
22067,0.0,0.0,0.0,0.0
22069,0.0,0.0,0.0,0.0
22071,1932.0,450.0,186.0,66.0
22073,0.0,0.0,0.0,0.0
22075,0.0,0.0,0.0,0.0
22077,0.0,0.0,0.0,0.0
22079,0.0,0.0,0.0,0.0
22081,0.0,0.0,0.0,0.0
22083,0.0,0.0,0.0,0.0
22085,0.0,0.0,0.0,0.0
22087,0.0,0.0,0.0,0.0
22089,0.0,0.0,0.0,0.0
22091,0.0,0.0,0.0,0.0
22093,0.0,0.0,0.0,0.0
22095,0.0,0.0,0.0,0.0
22097,0.0,0.0,0.0,0.0
22099,0.0,0.0,0.0,0.0
22101,0.0,0.0,0.0,0.0
22103,0.0,0.0,0.0,0.0
22105,0.0,0.0,0.0,0.0
22107,0.0,0.0,0.0,0.0
22109,0.0,0.0,0.0,0.0
22111,0.0,0.0,0.0,0.0
22113,0.0,0.0,0.0,0.0
22115,0.0,0.0,0.0,0.0
22117,0.0,0.0,0.0,0.0
22119,0.0,0.0,0.0,0.0
22121,0.0,0.0,0.0,0.0
22123,0.0,0.0,0.0,0.0
22125,0.0,0.0,0.0,0.0
22127,0.0,0.0,0.0,0.0
23001,2800.0,114.0,0.0,0.0
23003,671.0,42.0,0.0,22.0
23005,7761.0,332.0,0.0,46.0
23007,422.0,13.0,0.0,0.0
23009,550.0,28.0,0.0,0.0
23011,1912.0,81.0,0.0,0.0
23013,0.0,0.0,0.0,0.0
23015,0.0,0.0,0.0,0.0
23017,1150.0,61.0,0.0,0.0
23019,2212.0,122.0,0.0,0.0
23021,0.0,0.0,0.0,0.0
23023,375.0,13.0,0.0,0.0
23025,745.0,49.0,0.0,0.0
23027,0.0,0.0,0.0,0.0
23029,0.0,0.0,0.0,0.0
23031,5676.0,254.0,0.0,44.0
24001,4155.0,0.0,0.0,0.0
24003,12013.0,0.0,0.0,0.0
24005,18450.0,0.0,0.0,0.0
24009,2759.0,0.0,0.0,0.0
24011,1050.0,0.0,0.0,0.0
24013,3499.0,0.0,0.0,0.0
24015,1596.0,0.0,0.0,0.0
24017,1041.0,0.0,0.0,0.0
24019,0.0,0.0,0.0,0.0
24021,6488.0,0.0,0.0,0.0
24023,0.0,0.0,0.0,0.0
24025,7421.0,0.0,0.0,0.0
24027,3553.0,0.0,0.0,0.0
24029,0.0,0.0,0.0,0.0
24031,24828.0,0.0,0.0,0.0
24033,29432.0,0.0,0.0,0.0
24035,1943.0,0.0,0.0,0.0
24037,1674.0,0.0,0.0,0.0
24039,1796.0,0.0,0.0,0.0
24041,0.0,0.0,0.0,0.0
24043,5785.0,0.0,0.0,0.0
24045,2386.0,0.0,0.0,0.0
24047,1210.0,0.0,0.0,0.0
24510,21617.0,0.0,0.0,0.0
25001,6590.0,328.0,30.0,233.0
25003,3071.0,181.0,27.0,142.0
25005,36623.0,1434.0,105.0,1132.0
25007,0.0,0.0,0.0,0.0
25009,61216.0,2256.0,205.0,1732.0
25011,1381.0,124.0,21.0,56.0
25013,27273.0,1355.0,132.0,936.0
25015,4193.0,201.0,25.0,146.0
25017,82108.0,3940.0,388.0,2831.0
25019,0.0,0.0,0.0,0.0
25021,31314.0,1610.0,143.0,1216.0
25023,27220.0,1224.0,82.0,931.0
25025,56802.0,3094.0,522.0,1272.0
25027,46506.0,1522.0,158.0,1592.0
26001,0.0,0.0,0.0,0.0
26003,0.0,0.0,0.0,0.0
26005,4431.0,172.0,0.0,34.0
26007,1006.0,37.0,0.0,0.0
26009,537.0,21.0,0.0,0.0
26011,0.0,0.0,0.0,0.0
26013,0.0,0.0,0.0,0.0
26015,2762.0,117.0,0.0,12.0
26017,4727.0,431.0,0.0,92.0
26019,0.0,0.0,0.0,0.0
26021,8753.0,530.0,0.0,72.0
26023,2880.0,150.0,0.0,24.0
26025,6621.0,356.0,0.0,48.0
26027,2589.0,63.0,0.0,0.0
26029,707.0,26.0,0.0,0.0
26031,640.0,31.0,0.0,0.0
26033,1318.0,69.0,0.0,0.0
26035,1050.0,74.0,0.0,17.0
26037,2998.0,146.0,0.0,0.0
26039,0.0,0.0,0.0,0.0
26041,2435.0,115.0,0.0,38.0
26043,1754.0,25.0,0.0,0.0
26045,4547.0,364.0,0.0,64.0
26047,1076.0,47.0,0.0,0.0
26049,11614.0,1777.0,0.0,356.0
26051,1033.0,78.0,0.0,0.0
26053,0.0,0.0,0.0,0.0
26055,2905.0,141.0,0.0,0.0
26057,1773.0,113.0,0.0,29.0
26059,1676.0,94.0,0.0,0.0
26061,1620.0,56.0,0.0,0.0
26063,1373.0,73.0,0.0,26.0
26065,6937.0,462.0,0.0,88.0
26067,3925.0,121.0,0.0,0.0
26069,934.0,66.0,0.0,11.0
26071,0.0,0.0,0.0,0.0
26073,3179.0,101.0,0.0,19.0
26075,3485.0,225.0,0.0,117.0
26077,10912.0,453.0,0.0,107.0
26079,0.0,0.0,0.0,0.0
26081,40680.0,1091.0,0.0,306.0
26083,0.0,0.0,0.0,0.0
26085,0.0,0.0,0.0,0.0
26087,3818.0,248.0,0.0,15.0
26089,0.0,0.0,0.0,0.0
26091,4131.0,217.0,0.0,0.0
26093,6155.0,246.0,0.0,24.0
26095,0.0,0.0,0.0,0.0
26097,0.0,0.0,0.0,0.0
26099,5841.0,1527.0,0.0,578.0
26101,0.0,0.0,0.0,0.0
26103,3203.0,110.0,0.0,13.0
26105,896.0,74.0,0.0,0.0
26107,1560.0,56.0,0.0,0.0
26109,1418.0,62.0,0.0,0.0
26111,3645.0,193.0,0.0,0.0
26113,0.0,0.0,0.0,0.0
26115,5850.0,485.0,0.0,100.0
26117,2733.0,142.0,0.0,41.0
26119,0.0,0.0,0.0,0.0
26121,2797.0,64.0,0.0,106.0
26123,2149.0,171.0,0.0,13.0
26125,11435.0,2383.0,0.0,1184.0
26127,1566.0,108.0,0.0,0.0
26129,749.0,54.0,0.0,0.0
26131,0.0,0.0,0.0,0.0
26133,728.0,55.0,0.0,0.0
26135,0.0,0.0,0.0,0.0
26137,889.0,42.0,0.0,0.0
26139,13220.0,566.0,0.0,200.0
26141,0.0,0.0,0.0,0.0
26143,846.0,56.0,0.0,12.0
26145,8883.0,729.0,0.0,267.0
26147,5498.0,405.0,0.0,98.0
26149,2563.0,87.0,0.0,0.0
26151,548.0,44.0,0.0,0.0
26153,0.0,0.0,0.0,0.0
26155,2529.0,116.0,0.0,0.0
26157,2191.0,182.0,0.0,26.0
26159,3832.0,126.0,0.0,29.0
26161,12876.0,893.0,0.0,121.0
26163,47328.0,3521.0,1.0,1331.0
26165,947.0,36.0,0.0,0.0
27001,0.0,0.0,0.0,0.0
27003,29830.0,1662.0,302.0,280.0
27005,2734.0,140.0,44.0,28.0
27007,2941.0,163.0,44.0,0.0
27009,4111.0,193.0,37.0,60.0
27011,0.0,0.0,0.0,0.0
27013,5133.0,194.0,33.0,15.0
27015,2036.0,99.0,11.0,12.0
27017,2686.0,130.0,28.0,29.0
27019,6625.0,249.0,42.0,11.0
27021,1937.0,139.0,29.0,0.0
27023,0.0,0.0,0.0,0.0
27025,4309.0,193.0,40.0,12.0
27027,6290.0,237.0,73.0,15.0
27029,0.0,0.0,0.0,0.0
27031,0.0,0.0,0.0,0.0
27033,0.0,0.0,0.0,0.0
27035,4617.0,224.0,73.0,45.0
27037,31127.0,1700.0,355.0,251.0
27039,1167.0,36.0,1.0,0.0
27041,3600.0,138.0,29.0,49.0
27043,0.0,0.0,0.0,0.0
27045,1114.0,46.0,7.0,0.0
27047,2087.0,105.0,37.0,0.0
27049,3162.0,148.0,37.0,38.0
27051,0.0,0.0,0.0,0.0
27053,89278.0,5843.0,1223.0,1309.0
27055,0.0,0.0,0.0,0.0
27057,1399.0,81.0,22.0,11.0
27059,2706.0,142.0,29.0,11.0
27061,2744.0,193.0,45.0,0.0
27063,0.0,0.0,0.0,0.0
27065,0.0,0.0,0.0,0.0
27067,5455.0,212.0,40.0,49.0
27069,0.0,0.0,0.0,0.0
27071,0.0,0.0,0.0,0.0
27073,0.0,0.0,0.0,0.0
27075,0.0,0.0,0.0,0.0
27077,0.0,0.0,0.0,0.0
27079,1990.0,95.0,18.0,0.0
27081,0.0,0.0,0.0,0.0
27083,2876.0,83.0,16.0,14.0
27085,3131.0,173.0,32.0,20.0
27087,0.0,0.0,0.0,0.0
27089,0.0,0.0,0.0,0.0
27091,0.0,0.0,0.0,0.0
27093,1900.0,83.0,17.0,15.0
27095,2079.0,137.0,35.0,19.0
27097,3016.0,177.0,47.0,15.0
27099,3374.0,144.0,49.0,0.0
27101,0.0,0.0,0.0,0.0
27103,2131.0,70.0,15.0,0.0
27105,3566.0,191.0,32.0,11.0
27107,0.0,0.0,0.0,0.0
27109,9657.0,473.0,95.0,47.0
27111,4368.0,193.0,44.0,48.0
27113,0.0,0.0,0.0,0.0
27115,2555.0,132.0,19.0,0.0
27117,0.0,0.0,0.0,0.0
27119,3230.0,133.0,29.0,30.0
27121,0.0,0.0,0.0,0.0
27123,38344.0,2981.0,671.0,470.0
27125,0.0,0.0,0.0,0.0
27127,0.0,0.0,0.0,0.0
27129,0.0,0.0,0.0,0.0
27131,5725.0,205.0,39.0,37.0
27133,0.0,0.0,0.0,0.0
27135,0.0,0.0,0.0,0.0
27137,13114.0,771.0,169.0,227.0
27139,11544.0,521.0,81.0,42.0
27141,7889.0,304.0,69.0,25.0
27143,0.0,0.0,0.0,0.0
27145,17291.0,742.0,162.0,159.0
27147,2562.0,78.0,12.0,0.0
27149,0.0,0.0,0.0,0.0
27151,0.0,0.0,0.0,0.0
27153,2269.0,109.0,27.0,0.0
27155,0.0,0.0,0.0,0.0
27157,1511.0,61.0,11.0,0.0
27159,0.0,0.0,0.0,0.0
27161,0.0,0.0,0.0,0.0
27163,19275.0,923.0,193.0,149.0
27165,0.0,0.0,0.0,0.0
27167,0.0,0.0,0.0,0.0
27169,3656.0,42.0,13.0,26.0
27171,11151.0,430.0,77.0,78.0
27173,0.0,0.0,0.0,0.0
28001,0.0,0.0,0.0,0.0
28003,0.0,0.0,0.0,0.0
28005,0.0,0.0,0.0,0.0
28007,0.0,0.0,0.0,0.0
28009,0.0,0.0,0.0,0.0
28011,0.0,0.0,0.0,0.0
28013,0.0,0.0,0.0,0.0
28015,0.0,0.0,0.0,0.0
28017,0.0,0.0,0.0,0.0
28019,0.0,0.0,0.0,0.0
28021,0.0,0.0,0.0,0.0
28023,0.0,0.0,0.0,0.0
28025,0.0,0.0,0.0,0.0
28027,0.0,0.0,0.0,0.0
28029,0.0,0.0,0.0,0.0
28031,0.0,0.0,0.0,0.0
28033,2039.0,138.0,1.0,0.0
28035,1034.0,122.0,0.0,0.0
28037,0.0,0.0,0.0,0.0
28039,0.0,0.0,0.0,0.0
28041,0.0,0.0,0.0,0.0
28043,0.0,0.0,0.0,0.0
28045,0.0,0.0,0.0,0.0
28047,2991.0,109.0,1.0,0.0
28049,3591.0,428.0,1.0,13.0
28051,0.0,0.0,0.0,0.0
28053,0.0,0.0,0.0,0.0
28055,0.0,0.0,0.0,0.0
28057,0.0,0.0,0.0,0.0
28059,2400.0,116.0,0.0,0.0
28061,0.0,0.0,0.0,0.0
28063,0.0,0.0,0.0,0.0
28065,0.0,0.0,0.0,0.0
28067,1309.0,153.0,0.0,0.0
28069,0.0,0.0,0.0,0.0
28071,0.0,0.0,0.0,0.0
28073,0.0,0.0,0.0,0.0
28075,1140.0,188.0,1.0,0.0
28077,0.0,0.0,0.0,0.0
28079,0.0,0.0,0.0,0.0
28081,0.0,0.0,0.0,0.0
28083,0.0,0.0,0.0,0.0
28085,0.0,0.0,0.0,0.0
28087,0.0,0.0,0.0,0.0
28089,1729.0,171.0,0.0,15.0
28091,0.0,0.0,0.0,0.0
28093,0.0,0.0,0.0,0.0
28095,0.0,0.0,0.0,0.0
28097,0.0,0.0,0.0,0.0
28099,1058.0,117.0,0.0,0.0
28101,0.0,0.0,0.0,0.0
28103,0.0,0.0,0.0,0.0
28105,0.0,0.0,0.0,0.0
28107,0.0,0.0,0.0,0.0
28109,0.0,0.0,0.0,0.0
28111,0.0,0.0,0.0,0.0
28113,0.0,0.0,0.0,0.0
28115,0.0,0.0,0.0,0.0
28117,0.0,0.0,0.0,0.0
28119,0.0,0.0,0.0,0.0
28121,1484.0,153.0,0.0,0.0
28123,0.0,0.0,0.0,0.0
28125,0.0,0.0,0.0,0.0
28127,0.0,0.0,0.0,0.0
28129,0.0,0.0,0.0,0.0
28131,0.0,0.0,0.0,0.0
28133,0.0,0.0,0.0,0.0
28135,0.0,0.0,0.0,0.0
28137,0.0,0.0,0.0,0.0
28139,0.0,0.0,0.0,0.0
28141,0.0,0.0,0.0,0.0
28143,0.0,0.0,0.0,0.0
28145,0.0,0.0,0.0,0.0
28147,0.0,0.0,0.0,0.0
28149,0.0,0.0,0.0,0.0
28151,1482.0,151.0,0.0,0.0
28153,0.0,0.0,0.0,0.0
28155,0.0,0.0,0.0,0.0
28157,0.0,0.0,0.0,0.0
28159,0.0,0.0,0.0,0.0
28161,0.0,0.0,0.0,0.0
28163,0.0,0.0,0.0,0.0
29001,0.0,0.0,0.0,0.0
29003,0.0,0.0,0.0,0.0
29005,0.0,0.0,0.0,0.0
29007,0.0,0.0,0.0,0.0
29009,0.0,0.0,0.0,0.0
29011,0.0,0.0,0.0,0.0
29013,0.0,0.0,0.0,0.0
29015,0.0,0.0,0.0,0.0
29017,0.0,0.0,0.0,0.0
29019,1345.0,1.0,0.0,0.0
29021,1193.0,0.0,0.0,0.0
29023,0.0,0.0,0.0,0.0
29025,0.0,0.0,0.0,0.0
29027,0.0,0.0,0.0,0.0
29029,0.0,0.0,0.0,0.0
29031,0.0,0.0,0.0,0.0
29033,0.0,0.0,0.0,0.0
29035,0.0,0.0,0.0,0.0
29037,0.0,0.0,0.0,0.0
29039,0.0,0.0,0.0,0.0
29041,0.0,0.0,0.0,0.0
29043,0.0,0.0,0.0,0.0
29045,0.0,0.0,0.0,0.0
29047,1013.0,0.0,0.0,0.0
29049,0.0,0.0,0.0,0.0
29051,0.0,0.0,0.0,0.0
29053,0.0,0.0,0.0,0.0
29055,0.0,0.0,0.0,0.0
29057,0.0,0.0,0.0,0.0
29059,0.0,0.0,0.0,0.0
29061,0.0,0.0,0.0,0.0
29063,0.0,0.0,0.0,0.0
29065,0.0,0.0,0.0,0.0
29067,0.0,0.0,0.0,0.0
29069,0.0,0.0,0.0,0.0
29071,0.0,0.0,0.0,0.0
29073,0.0,0.0,0.0,0.0
29075,0.0,0.0,0.0,0.0
29077,1500.0,3.0,0.0,0.0
29079,0.0,0.0,0.0,0.0
29081,0.0,0.0,0.0,0.0
29083,0.0,0.0,0.0,0.0
29085,0.0,0.0,0.0,0.0
29087,0.0,0.0,0.0,0.0
29089,0.0,0.0,0.0,0.0
29091,0.0,0.0,0.0,0.0
29093,0.0,0.0,0.0,0.0
29095,10744.0,18.0,4.0,0.0
29097,1809.0,0.0,0.0,0.0
29099,1606.0,0.0,0.0,0.0
29101,0.0,0.0,0.0,0.0
29103,0.0,0.0,0.0,0.0
29105,0.0,0.0,0.0,0.0
29107,0.0,0.0,0.0,0.0
29109,0.0,0.0,0.0,0.0
29111,0.0,0.0,0.0,0.0
29113,0.0,0.0,0.0,0.0
29115,0.0,0.0,0.0,0.0
29117,0.0,0.0,0.0,0.0
29119,0.0,0.0,0.0,0.0
29121,0.0,0.0,0.0,0.0
29123,0.0,0.0,0.0,0.0
29125,0.0,0.0,0.0,0.0
29127,0.0,0.0,0.0,0.0
29129,0.0,0.0,0.0,0.0
29131,0.0,0.0,0.0,0.0
29133,0.0,0.0,0.0,0.0
29135,0.0,0.0,0.0,0.0
29137,0.0,0.0,0.0,0.0
29139,0.0,0.0,0.0,0.0
29141,0.0,0.0,0.0,0.0
29143,0.0,0.0,0.0,0.0
29145,0.0,0.0,0.0,0.0
29147,0.0,0.0,0.0,0.0
29149,0.0,0.0,0.0,0.0
29151,0.0,0.0,0.0,0.0
29153,0.0,0.0,0.0,0.0
29155,0.0,0.0,0.0,0.0
29157,0.0,0.0,0.0,0.0
29159,0.0,0.0,0.0,0.0
29161,0.0,0.0,0.0,0.0
29163,0.0,0.0,0.0,0.0
29165,0.0,0.0,0.0,0.0
29167,0.0,0.0,0.0,0.0
29169,0.0,0.0,0.0,0.0
29171,0.0,0.0,0.0,0.0
29173,0.0,0.0,0.0,0.0
29175,0.0,0.0,0.0,0.0
29177,0.0,0.0,0.0,0.0
29179,0.0,0.0,0.0,0.0
29181,0.0,0.0,0.0,0.0
29183,3968.0,1.0,0.0,0.0
29185,0.0,0.0,0.0,0.0
29186,0.0,0.0,0.0,0.0
29187,0.0,0.0,0.0,0.0
29189,14632.0,11.0,1.0,0.0
29195,0.0,0.0,0.0,0.0
29197,0.0,0.0,0.0,0.0
29199,0.0,0.0,0.0,0.0
29201,0.0,0.0,0.0,0.0
29203,0.0,0.0,0.0,0.0
29205,0.0,0.0,0.0,0.0
29207,0.0,0.0,0.0,0.0
29209,0.0,0.0,0.0,0.0
29211,0.0,0.0,0.0,0.0
29213,0.0,0.0,0.0,0.0
29215,0.0,0.0,0.0,0.0
29217,0.0,0.0,0.0,0.0
29219,0.0,0.0,0.0,0.0
29221,0.0,0.0,0.0,0.0
29223,0.0,0.0,0.0,0.0
29225,0.0,0.0,0.0,0.0
29227,0.0,0.0,0.0,0.0
29229,0.0,0.0,0.0,0.0
29510,5022.0,1.0,0.0,0.0
30001,0.0,0.0,0.0,0.0
30003,0.0,0.0,0.0,0.0
30005,0.0,0.0,0.0,0.0
30007,0.0,0.0,0.0,0.0
30009,0.0,0.0,0.0,0.0
30011,0.0,0.0,0.0,0.0
30013,6462.0,271.0,0.0,28.0
30015,0.0,0.0,0.0,0.0
30017,0.0,0.0,0.0,0.0
30019,0.0,0.0,0.0,0.0
30021,0.0,0.0,0.0,0.0
30023,0.0,0.0,0.0,0.0
30025,0.0,0.0,0.0,0.0
30027,0.0,0.0,0.0,0.0
30029,8836.0,285.0,0.0,13.0
30031,9854.0,288.0,0.0,0.0
30033,0.0,0.0,0.0,0.0
30035,0.0,0.0,0.0,0.0
30037,0.0,0.0,0.0,0.0
30039,0.0,0.0,0.0,0.0
30041,0.0,0.0,0.0,0.0
30043,0.0,0.0,0.0,0.0
30045,0.0,0.0,0.0,0.0
30047,1582.0,88.0,0.0,0.0
30049,4951.0,216.0,0.0,0.0
30051,0.0,0.0,0.0,0.0
30053,0.0,0.0,0.0,0.0
30055,0.0,0.0,0.0,0.0
30057,0.0,0.0,0.0,0.0
30059,0.0,0.0,0.0,0.0
30061,0.0,0.0,0.0,0.0
30063,6254.0,190.0,0.0,29.0
30065,0.0,0.0,0.0,0.0
30067,0.0,0.0,0.0,0.0
30069,0.0,0.0,0.0,0.0
30071,0.0,0.0,0.0,0.0
30073,0.0,0.0,0.0,0.0
30075,0.0,0.0,0.0,0.0
30077,0.0,0.0,0.0,0.0
30079,0.0,0.0,0.0,0.0
30081,2165.0,77.0,0.0,0.0
30083,0.0,0.0,0.0,0.0
30085,0.0,0.0,0.0,0.0
30087,0.0,0.0,0.0,0.0
30089,0.0,0.0,0.0,0.0
30091,0.0,0.0,0.0,0.0
30093,2998.0,90.0,0.0,46.0
30095,0.0,0.0,0.0,0.0
30097,0.0,0.0,0.0,0.0
30099,0.0,0.0,0.0,0.0
30101,0.0,0.0,0.0,0.0
30103,0.0,0.0,0.0,0.0
30105,0.0,0.0,0.0,0.0
30107,0.0,0.0,0.0,0.0
30109,0.0,0.0,0.0,0.0
30111,14224.0,969.0,0.0,103.0
31001,2013.0,0.0,0.0,0.0
31003,0.0,0.0,0.0,0.0
31005,0.0,0.0,0.0,0.0
31007,0.0,0.0,0.0,0.0
31009,0.0,0.0,0.0,0.0
31011,0.0,0.0,0.0,0.0
31013,0.0,0.0,0.0,0.0
31015,0.0,0.0,0.0,0.0
31017,0.0,0.0,0.0,0.0
31019,3146.0,0.0,0.0,0.0
31021,0.0,0.0,0.0,0.0
31023,0.0,0.0,0.0,0.0
31025,984.0,0.0,0.0,0.0
31027,0.0,0.0,0.0,0.0
31029,0.0,0.0,0.0,0.0
31031,0.0,0.0,0.0,0.0
31033,0.0,0.0,0.0,0.0
31035,0.0,0.0,0.0,0.0
31037,0.0,0.0,0.0,0.0
31039,0.0,0.0,0.0,0.0
31041,0.0,0.0,0.0,0.0
31043,2095.0,0.0,0.0,0.0
31045,0.0,0.0,0.0,0.0
31047,1942.0,0.0,0.0,0.0
31049,0.0,0.0,0.0,0.0
31051,0.0,0.0,0.0,0.0
31053,2633.0,0.0,0.0,0.0
31055,27105.0,2.0,0.0,0.0
31057,0.0,0.0,0.0,0.0
31059,0.0,0.0,0.0,0.0
31061,0.0,0.0,0.0,0.0
31063,0.0,0.0,0.0,0.0
31065,0.0,0.0,0.0,0.0
31067,932.0,0.0,0.0,0.0
31069,0.0,0.0,0.0,0.0
31071,0.0,0.0,0.0,0.0
31073,0.0,0.0,0.0,0.0
31075,0.0,0.0,0.0,0.0
31077,0.0,0.0,0.0,0.0
31079,5111.0,0.0,0.0,0.0
31081,0.0,0.0,0.0,0.0
31083,0.0,0.0,0.0,0.0
31085,0.0,0.0,0.0,0.0
31087,0.0,0.0,0.0,0.0
31089,0.0,0.0,0.0,0.0
31091,0.0,0.0,0.0,0.0
31093,0.0,0.0,0.0,0.0
31095,0.0,0.0,0.0,0.0
31097,0.0,0.0,0.0,0.0
31099,0.0,0.0,0.0,0.0
31101,0.0,0.0,0.0,0.0
31103,0.0,0.0,0.0,0.0
31105,0.0,0.0,0.0,0.0
31107,0.0,0.0,0.0,0.0
31109,8371.0,0.0,0.0,0.0
31111,1844.0,0.0,0.0,0.0
31113,0.0,0.0,0.0,0.0
31115,0.0,0.0,0.0,0.0
31117,0.0,0.0,0.0,0.0
31119,2837.0,1.0,0.0,0.0
31121,0.0,0.0,0.0,0.0
31123,0.0,0.0,0.0,0.0
31125,0.0,0.0,0.0,0.0
31127,0.0,0.0,0.0,0.0
31129,0.0,0.0,0.0,0.0
31131,0.0,0.0,0.0,0.0
31133,0.0,0.0,0.0,0.0
31135,0.0,0.0,0.0,0.0
31137,0.0,0.0,0.0,0.0
31139,0.0,0.0,0.0,0.0
31141,2083.0,0.0,0.0,0.0
31143,0.0,0.0,0.0,0.0
31145,0.0,0.0,0.0,0.0
31147,0.0,0.0,0.0,0.0
31149,0.0,0.0,0.0,0.0
31151,0.0,0.0,0.0,0.0
31153,9769.0,0.0,0.0,0.0
31155,1241.0,0.0,0.0,0.0
31157,2841.0,0.0,0.0,0.0
31159,0.0,0.0,0.0,0.0
31161,0.0,0.0,0.0,0.0
31163,0.0,0.0,0.0,0.0
31165,0.0,0.0,0.0,0.0
31167,0.0,0.0,0.0,0.0
31169,0.0,0.0,0.0,0.0
31171,0.0,0.0,0.0,0.0
31173,0.0,0.0,0.0,0.0
31175,0.0,0.0,0.0,0.0
31177,1031.0,0.0,0.0,0.0
31179,0.0,0.0,0.0,0.0
31181,0.0,0.0,0.0,0.0
31183,0.0,0.0,0.0,0.0
31185,0.0,0.0,0.0,0.0
32001,0.0,0.0,0.0,0.0
32003,182215.0,12642.0,3825.0,2653.0
32005,0.0,0.0,0.0,0.0
32007,3854.0,201.0,14.0,0.0
32009,0.0,0.0,0.0,0.0
32011,0.0,0.0,0.0,0.0
32013,0.0,0.0,0.0,0.0
32015,0.0,0.0,0.0,0.0
32017,0.0,0.0,0.0,0.0
32019,0.0,0.0,0.0,0.0
32021,0.0,0.0,0.0,0.0
32023,2029.0,94.0,26.0,12.0
32027,0.0,0.0,0.0,0.0
32029,0.0,0.0,0.0,0.0
32031,26509.0,1614.0,410.0,133.0
32033,0.0,0.0,0.0,0.0
32510,0.0,0.0,0.0,0.0
33001,0.0,0.0,0.0,0.0
33003,0.0,0.0,0.0,0.0
33005,0.0,0.0,0.0,0.0
33007,0.0,0.0,0.0,0.0
33009,0.0,0.0,0.0,0.0
33011,4557.0,433.0,144.0,228.0
33013,0.0,0.0,0.0,0.0
33015,2085.0,174.0,55.0,68.0
33017,0.0,0.0,0.0,0.0
33019,0.0,0.0,0.0,0.0
34001,16270.0,2491.0,28.0,216.0
34003,53284.0,7802.0,470.0,2034.0
34005,24452.0,3000.0,110.0,403.0
34007,33223.0,5316.0,126.0,563.0
34009,4952.0,813.0,18.0,41.0
34011,10216.0,2125.0,59.0,63.0
34013,51809.0,8758.0,425.0,2008.0
34015,16929.0,2593.0,76.0,283.0
34017,47941.0,6637.0,308.0,1343.0
34019,4634.0,518.0,18.0,75.0
34021,21138.0,4205.0,166.0,475.0
34023,48758.0,6485.0,245.0,1378.0
34025,36846.0,5533.0,210.0,883.0
34027,24720.0,3577.0,102.0,760.0
34029,38080.0,5747.0,257.0,1295.0
34031,43488.0,6290.0,271.0,1162.0
34033,3377.0,457.0,22.0,38.0
34035,16107.0,2204.0,108.0,425.0
34037,5455.0,876.0,26.0,154.0
34039,42586.0,5825.0,309.0,1187.0
34041,4733.0,684.0,26.0,131.0
35001,12912.0,0.0,0.0,0.0
35003,0.0,0.0,0.0,0.0
35005,2379.0,0.0,0.0,0.0
35006,923.0,0.0,0.0,0.0
35007,0.0,0.0,0.0,0.0
35009,1676.0,0.0,0.0,0.0
35011,0.0,0.0,0.0,0.0
35013,7310.0,0.0,0.0,0.0
35015,1669.0,0.0,0.0,0.0
35017,0.0,0.0,0.0,0.0
35019,0.0,0.0,0.0,0.0
35021,0.0,0.0,0.0,0.0
35023,0.0,0.0,0.0,0.0
35025,2478.0,0.0,0.0,0.0
35027,0.0,0.0,0.0,0.0
35028,0.0,0.0,0.0,0.0
35029,1285.0,0.0,0.0,0.0
35031,4368.0,2.0,0.0,0.0
35033,0.0,0.0,0.0,0.0
35035,1467.0,0.0,0.0,0.0
35037,0.0,0.0,0.0,0.0
35039,0.0,0.0,0.0,0.0
35041,0.0,0.0,0.0,0.0
35043,2277.0,0.0,0.0,0.0
35045,3296.0,0.0,0.0,0.0
35047,0.0,0.0,0.0,0.0
35049,2190.0,0.0,0.0,0.0
35051,0.0,0.0,0.0,0.0
35053,0.0,0.0,0.0,0.0
35055,0.0,0.0,0.0,0.0
35057,0.0,0.0,0.0,0.0
35059,0.0,0.0,0.0,0.0
35061,1310.0,0.0,0.0,0.0
36001,15630.0,400.0,37.0,79.0
36003,2205.0,1.0,0.0,0.0
36005,92432.0,16878.0,2139.0,5715.0
36007,9909.0,85.0,7.0,12.0
36009,3450.0,0.0,0.0,0.0
36011,3423.0,19.0,3.0,0.0
36013,5127.0,11.0,3.0,0.0
36015,5913.0,15.0,5.0,0.0
36017,1626.0,23.0,13.0,0.0
36019,1864.0,23.0,6.0,0.0
36021,2121.0,172.0,33.0,0.0
36023,2533.0,3.0,2.0,0.0
36025,965.0,6.0,4.0,0.0
36027,17003.0,307.0,13.0,0.0
36029,47460.0,1119.0,117.0,1138.0
36031,668.0,7.0,1.0,0.0
36033,1181.0,1.0,1.0,0.0
36035,1859.0,48.0,32.0,0.0
36037,3391.0,19.0,4.0,0.0
36039,1864.0,70.0,17.0,0.0
36041,0.0,0.0,0.0,0.0
36043,3215.0,19.0,6.0,0.0
36045,2537.0,6.0,5.0,0.0
36047,133937.0,23109.0,1681.0,9096.0
36049,1040.0,3.0,1.0,0.0
36051,2319.0,7.0,2.0,0.0
36053,2886.0,32.0,17.0,0.0
36055,42264.0,55.0,14.0,60.0
36057,1841.0,37.0,12.0,0.0
36059,146552.0,2358.0,63.0,199.0
36061,65483.0,11181.0,783.0,3497.0
36063,10831.0,173.0,49.0,0.0
36065,14973.0,111.0,43.0,0.0
36067,24765.0,221.0,51.0,27.0
36069,4299.0,36.0,14.0,0.0
36071,29095.0,1531.0,352.0,206.0
36073,1412.0,38.0,11.0,0.0
36075,4376.0,11.0,6.0,0.0
36077,1679.0,15.0,5.0,0.0
36079,6557.0,239.0,47.0,14.0
36081,135934.0,23839.0,1879.0,8497.0
36083,2554.0,226.0,41.0,0.0
36085,38182.0,4302.0,158.0,1204.0
36087,46102.0,1137.0,135.0,305.0
36089,2559.0,25.0,3.0,0.0
36091,8002.0,149.0,29.0,0.0
36093,8228.0,181.0,41.0,11.0
36095,774.0,9.0,1.0,0.0
36097,0.0,0.0,0.0,0.0
36099,0.0,0.0,0.0,0.0
36101,4359.0,37.0,8.0,26.0
36103,141526.0,990.0,117.0,153.0
36105,4137.0,115.0,25.0,0.0
36107,1955.0,16.0,6.0,0.0
36109,2337.0,12.0,4.0,0.0
36111,7788.0,25.0,6.0,0.0
36113,1897.0,18.0,1.0,0.0
36115,777.0,41.0,12.0,0.0
36117,3206.0,7.0,2.0,0.0
36119,98461.0,4088.0,555.0,815.0
36121,1917.0,7.0,5.0,0.0
36123,695.0,4.0,1.0,0.0
37001,11251.0,665.0,57.0,67.0
37003,3002.0,147.0,15.0,0.0
37005,0.0,0.0,0.0,0.0
37007,1549.0,119.0,26.0,0.0
37009,1416.0,27.0,0.0,0.0
37011,0.0,0.0,0.0,0.0
37013,2782.0,150.0,24.0,0.0
37015,0.0,0.0,0.0,0.0
37017,1934.0,115.0,14.0,0.0
37019,4893.0,191.0,42.0,11.0
37021,10599.0,398.0,77.0,103.0
37023,6757.0,143.0,21.0,0.0
37025,12228.0,466.0,110.0,27.0
37027,6472.0,156.0,55.0,26.0
37029,0.0,0.0,0.0,0.0
37031,3072.0,71.0,8.0,0.0
37033,1278.0,66.0,7.0,0.0
37035,12481.0,638.0,91.0,92.0
37037,2996.0,168.0,24.0,0.0
37039,1415.0,49.0,17.0,0.0
37041,0.0,0.0,0.0,0.0
37043,0.0,0.0,0.0,0.0
37045,7308.0,423.0,91.0,37.0
37047,3947.0,306.0,106.0,11.0
37049,5380.0,416.0,31.0,0.0
37051,15579.0,933.0,118.0,12.0
37053,730.0,37.0,9.0,0.0
37055,1165.0,48.0,8.0,0.0
37057,9352.0,402.0,100.0,11.0
37059,2254.0,75.0,15.0,0.0
37061,4432.0,283.0,78.0,0.0
37063,15919.0,626.0,130.0,11.0
37065,3405.0,348.0,55.0,0.0
37067,21841.0,1178.0,297.0,48.0
37069,3434.0,79.0,10.0,0.0
37071,16750.0,1290.0,262.0,169.0
37073,0.0,0.0,0.0,0.0
37075,0.0,0.0,0.0,0.0
37077,3883.0,234.0,45.0,0.0
37079,1569.0,79.0,5.0,0.0
37081,26681.0,1013.0,141.0,221.0
37083,3188.0,268.0,44.0,0.0
37085,6495.0,454.0,100.0,11.0
37087,2429.0,74.0,12.0,12.0
37089,6235.0,214.0,40.0,55.0
37091,1422.0,132.0,15.0,0.0
37093,2924.0,99.0,30.0,0.0
37095,0.0,0.0,0.0,0.0
37097,10707.0,305.0,72.0,14.0
37099,2453.0,78.0,30.0,14.0
37101,13025.0,497.0,105.0,50.0
37103,0.0,0.0,0.0,0.0
37105,3757.0,209.0,30.0,0.0
37107,3682.0,285.0,38.0,0.0
37109,5888.0,227.0,40.0,0.0
37111,3398.0,80.0,7.0,0.0
37113,1747.0,52.0,15.0,0.0
37115,890.0,32.0,2.0,0.0
37117,1501.0,152.0,33.0,0.0
37119,67330.0,1868.0,272.0,295.0
37121,0.0,0.0,0.0,0.0
37123,2069.0,159.0,35.0,0.0
37125,5322.0,368.0,57.0,26.0
37127,6524.0,462.0,66.0,0.0
37129,10365.0,277.0,69.0,12.0
37131,0.0,0.0,0.0,0.0
37133,10205.0,320.0,44.0,12.0
37135,5418.0,212.0,58.0,0.0
37137,0.0,0.0,0.0,0.0
37139,2048.0,105.0,29.0,12.0
37141,3017.0,68.0,12.0,0.0
37143,0.0,0.0,0.0,0.0
37145,1815.0,71.0,13.0,13.0
37147,12150.0,290.0,46.0,0.0
37149,853.0,43.0,15.0,0.0
37151,8678.0,339.0,41.0,57.0
37153,2752.0,175.0,56.0,0.0
37155,10615.0,459.0,86.0,0.0
37157,4793.0,291.0,26.0,13.0
37159,10037.0,454.0,127.0,81.0
37161,4880.0,204.0,48.0,46.0
37163,5197.0,289.0,56.0,0.0
37165,2644.0,198.0,38.0,0.0
37167,4600.0,168.0,21.0,0.0
37169,2327.0,119.0,30.0,11.0
37171,4850.0,240.0,84.0,31.0
37173,0.0,0.0,0.0,0.0
37175,1076.0,53.0,18.0,0.0
37177,0.0,0.0,0.0,0.0
37179,13838.0,447.0,135.0,12.0
37181,2875.0,168.0,25.0,0.0
37183,46194.0,971.0,168.0,263.0
37185,0.0,0.0,0.0,0.0
37187,0.0,0.0,0.0,0.0
37189,2979.0,39.0,3.0,0.0
37191,7869.0,393.0,80.0,12.0
37193,4179.0,126.0,23.0,0.0
37195,6079.0,567.0,81.0,0.0
37197,2516.0,157.0,42.0,0.0
37199,0.0,0.0,0.0,0.0
38001,0.0,0.0,0.0,0.0
38003,0.0,0.0,0.0,0.0
38005,0.0,0.0,0.0,0.0
38007,0.0,0.0,0.0,0.0
38009,0.0,0.0,0.0,0.0
38011,0.0,0.0,0.0,0.0
38013,0.0,0.0,0.0,0.0
38015,3899.0,172.0,4.0,0.0
38017,5075.0,139.0,6.0,0.0
38019,0.0,0.0,0.0,0.0
38021,0.0,0.0,0.0,0.0
38023,0.0,0.0,0.0,0.0
38025,0.0,0.0,0.0,0.0
38027,0.0,0.0,0.0,0.0
38029,0.0,0.0,0.0,0.0
38031,0.0,0.0,0.0,0.0
38033,0.0,0.0,0.0,0.0
38035,2462.0,54.0,0.0,0.0
38037,0.0,0.0,0.0,0.0
38039,0.0,0.0,0.0,0.0
38041,0.0,0.0,0.0,0.0
38043,0.0,0.0,0.0,0.0
38045,0.0,0.0,0.0,0.0
38047,0.0,0.0,0.0,0.0
38049,0.0,0.0,0.0,0.0
38051,0.0,0.0,0.0,0.0
38053,0.0,0.0,0.0,0.0
38055,0.0,0.0,0.0,0.0
38057,0.0,0.0,0.0,0.0
38059,1286.0,64.0,3.0,0.0
38061,0.0,0.0,0.0,0.0
38063,0.0,0.0,0.0,0.0
38065,0.0,0.0,0.0,0.0
38067,0.0,0.0,0.0,0.0
38069,0.0,0.0,0.0,0.0
38071,0.0,0.0,0.0,0.0
38073,0.0,0.0,0.0,0.0
38075,0.0,0.0,0.0,0.0
38077,0.0,0.0,0.0,0.0
38079,0.0,0.0,0.0,0.0
38081,0.0,0.0,0.0,0.0
38083,0.0,0.0,0.0,0.0
38085,0.0,0.0,0.0,0.0
38087,0.0,0.0,0.0,0.0
38089,1251.0,56.0,4.0,0.0
38091,0.0,0.0,0.0,0.0
38093,0.0,0.0,0.0,0.0
38095,0.0,0.0,0.0,0.0
38097,0.0,0.0,0.0,0.0
38099,0.0,0.0,0.0,0.0
38101,2217.0,83.0,3.0,0.0
38103,0.0,0.0,0.0,0.0
38105,1069.0,58.0,0.0,0.0
39001,973.0,86.0,23.0,0.0
39003,6531.0,551.0,77.0,101.0
39005,2158.0,181.0,11.0,60.0
39007,575.0,256.0,56.0,73.0
39009,2598.0,117.0,21.0,0.0
39011,2935.0,206.0,14.0,58.0
39013,2153.0,171.0,30.0,25.0
39015,0.0,0.0,0.0,0.0
39017,7594.0,856.0,93.0,261.0
39019,959.0,72.0,8.0,0.0
39021,1297.0,99.0,6.0,13.0
39023,5180.0,338.0,30.0,205.0
39025,6445.0,559.0,68.0,139.0
39027,1525.0,117.0,18.0,19.0
39029,1815.0,353.0,68.0,65.0
39031,1465.0,148.0,33.0,11.0
39033,2494.0,228.0,54.0,79.0
39035,38265.0,4971.0,1073.0,1565.0
39037,3029.0,254.0,25.0,33.0
39039,2541.0,208.0,69.0,57.0
39041,3743.0,201.0,22.0,68.0
39043,3614.0,460.0,27.0,97.0
39045,6314.0,462.0,72.0,85.0
39047,1600.0,157.0,19.0,0.0
39049,46744.0,3084.0,456.0,952.0
39051,2559.0,155.0,13.0,25.0
39053,1577.0,97.0,11.0,0.0
39055,1969.0,264.0,72.0,76.0
39057,4038.0,509.0,65.0,119.0
39059,1911.0,154.0,32.0,0.0
39061,24491.0,2264.0,311.0,683.0
39063,3237.0,330.0,19.0,66.0
39065,1350.0,120.0,12.0,0.0
39067,0.0,0.0,0.0,0.0
39069,1267.0,126.0,32.0,0.0
39071,1028.0,77.0,17.0,0.0
39073,1103.0,93.0,11.0,12.0
39075,1577.0,190.0,34.0,66.0
39077,2969.0,238.0,27.0,72.0
39079,1899.0,120.0,11.0,18.0
39081,1047.0,154.0,11.0,48.0
39083,2260.0,214.0,31.0,46.0
39085,6853.0,515.0,76.0,167.0
39087,2675.0,288.0,18.0,0.0
39089,5277.0,295.0,89.0,90.0
39091,2255.0,122.0,22.0,24.0
39093,3010.0,859.0,125.0,255.0
39095,15821.0,1820.0,308.0,434.0
39097,1701.0,106.0,35.0,0.0
39099,5556.0,747.0,89.0,363.0
39101,2976.0,333.0,29.0,45.0
39103,5309.0,519.0,56.0,138.0
39105,0.0,0.0,0.0,0.0
39107,3305.0,331.0,43.0,56.0
39109,2647.0,374.0,63.0,57.0
39111,0.0,0.0,0.0,0.0
39113,19774.0,3157.0,219.0,617.0
39115,0.0,0.0,0.0,0.0
39117,1327.0,103.0,16.0,0.0
39119,4635.0,419.0,43.0,51.0
39121,0.0,0.0,0.0,0.0
39123,2018.0,171.0,34.0,13.0
39125,0.0,0.0,0.0,0.0
39127,1059.0,130.0,17.0,0.0
39129,1577.0,191.0,69.0,41.0
39131,1371.0,118.0,10.0,0.0
39133,5030.0,434.0,63.0,63.0
39135,1250.0,183.0,39.0,27.0
39137,2741.0,193.0,9.0,13.0
39139,4082.0,462.0,77.0,131.0
39141,2831.0,341.0,43.0,49.0
39143,2456.0,260.0,25.0,37.0
39145,3450.0,320.0,39.0,46.0
39147,2601.0,224.0,41.0,78.0
39149,1911.0,103.0,5.0,28.0
39151,7477.0,1257.0,122.0,592.0
39153,17218.0,2627.0,534.0,658.0
39155,8015.0,811.0,136.0,284.0
39157,5201.0,531.0,69.0,173.0
39159,2808.0,144.0,19.0,11.0
39161,1500.0,62.0,8.0,29.0
39163,0.0,0.0,0.0,0.0
39165,5549.0,489.0,81.0,159.0
39167,936.0,146.0,14.0,12.0
39169,5397.0,335.0,101.0,118.0
39171,1870.0,115.0,15.0,36.0
39173,7276.0,453.0,57.0,75.0
39175,1481.0,123.0,18.0,0.0
40001,1990.0,185.0,0.0,0.0
40003,0.0,0.0,0.0,0.0
40005,0.0,0.0,0.0,0.0
40007,0.0,0.0,0.0,0.0
40009,2068.0,137.0,0.0,0.0
40011,0.0,0.0,0.0,0.0
40013,4132.0,238.0,0.0,0.0
40015,2892.0,180.0,0.0,0.0
40017,11617.0,439.0,0.0,40.0
40019,3449.0,158.0,0.0,0.0
40021,3887.0,255.0,0.0,0.0
40023,0.0,0.0,0.0,0.0
40025,0.0,0.0,0.0,0.0
40027,20438.0,1139.0,0.0,140.0
40029,0.0,0.0,0.0,0.0
40031,8619.0,507.0,0.0,44.0
40033,0.0,0.0,0.0,0.0
40035,0.0,0.0,0.0,0.0
40037,4280.0,429.0,0.0,25.0
40039,3152.0,132.0,0.0,30.0
40041,3114.0,169.0,0.0,0.0
40043,0.0,0.0,0.0,0.0
40045,0.0,0.0,0.0,0.0
40047,5683.0,225.0,0.0,0.0
40049,2518.0,161.0,0.0,0.0
40051,4157.0,219.0,0.0,16.0
40053,0.0,0.0,0.0,0.0
40055,0.0,0.0,0.0,0.0
40057,0.0,0.0,0.0,0.0
40059,0.0,0.0,0.0,0.0
40061,0.0,0.0,0.0,0.0
40063,0.0,0.0,0.0,0.0
40065,2467.0,182.0,0.0,0.0
40067,0.0,0.0,0.0,0.0
40069,0.0,0.0,0.0,0.0
40071,3600.0,181.0,0.0,36.0
40073,0.0,0.0,0.0,0.0
40075,0.0,0.0,0.0,0.0
40077,0.0,0.0,0.0,0.0
40079,3839.0,151.0,0.0,0.0
40081,2217.0,162.0,0.0,11.0
40083,2851.0,133.0,0.0,0.0
40085,0.0,0.0,0.0,0.0
40087,3674.0,222.0,0.0,0.0
40089,3026.0,239.0,0.0,0.0
40091,0.0,0.0,0.0,0.0
40093,0.0,0.0,0.0,0.0
40095,0.0,0.0,0.0,0.0
40097,2613.0,209.0,0.0,0.0
40099,0.0,0.0,0.0,0.0
40101,6783.0,523.0,0.0,30.0
40103,0.0,0.0,0.0,0.0
40105,0.0,0.0,0.0,0.0
40107,0.0,0.0,0.0,0.0
40109,61321.0,3454.0,0.0,536.0
40111,2712.0,220.0,0.0,0.0
40113,3090.0,205.0,0.0,0.0
40115,2861.0,123.0,0.0,0.0
40117,0.0,0.0,0.0,0.0
40119,6178.0,209.0,0.0,0.0
40121,3145.0,142.0,0.0,11.0
40123,3232.0,193.0,0.0,0.0
40125,5870.0,350.0,0.0,13.0
40127,0.0,0.0,0.0,0.0
40129,0.0,0.0,0.0,0.0
40131,6668.0,470.0,0.0,22.0
40133,1966.0,146.0,0.0,0.0
40135,2646.0,167.0,0.0,0.0
40137,3269.0,254.0,0.0,26.0
40139,0.0,0.0,0.0,0.0
40141,0.0,0.0,0.0,0.0
40143,49908.0,3532.0,0.0,449.0
40145,4948.0,395.0,0.0,0.0
40147,3260.0,268.0,0.0,16.0
40149,0.0,0.0,0.0,0.0
40151,0.0,0.0,0.0,0.0
40153,2466.0,86.0,0.0,0.0
41001,0.0,0.0,0.0,0.0
41003,1454.0,45.0,0.0,0.0
41005,10590.0,523.0,0.0,35.0
41007,0.0,0.0,0.0,0.0
41009,866.0,61.0,0.0,0.0
41011,812.0,45.0,0.0,0.0
41013,0.0,0.0,0.0,0.0
41015,0.0,0.0,0.0,0.0
41017,4285.0,160.0,0.0,0.0
41019,1463.0,150.0,0.0,0.0
41021,0.0,0.0,0.0,0.0
41023,0.0,0.0,0.0,0.0
41025,0.0,0.0,0.0,0.0
41027,841.0,26.0,0.0,0.0
41029,6245.0,432.0,0.0,37.0
41031,1498.0,124.0,0.0,0.0
41033,1414.0,119.0,0.0,0.0
41035,2066.0,121.0,0.0,12.0
41037,0.0,0.0,0.0,0.0
41039,7308.0,438.0,0.0,13.0
41041,891.0,40.0,0.0,0.0
41043,2743.0,116.0,0.0,0.0
41045,3006.0,187.0,0.0,0.0
41047,14745.0,900.0,0.0,87.0
41049,0.0,0.0,0.0,0.0
41051,26801.0,1833.0,0.0,250.0
41053,2072.0,101.0,0.0,0.0
41055,0.0,0.0,0.0,0.0
41057,0.0,0.0,0.0,0.0
41059,6094.0,216.0,0.0,11.0
41061,981.0,42.0,0.0,0.0
41063,0.0,0.0,0.0,0.0
41065,921.0,35.0,0.0,11.0
41067,16985.0,835.0,0.0,35.0
41069,0.0,0.0,0.0,0.0
41071,2824.0,76.0,0.0,0.0
42001,4795.0,172.0,20.0,43.0
42003,56010.0,4138.0,823.0,1083.0
42005,3335.0,81.0,11.0,0.0
42007,8536.0,477.0,50.0,145.0
42009,2947.0,72.0,7.0,44.0
42011,24448.0,640.0,66.0,444.0
42013,8051.0,162.0,14.0,144.0
42015,2970.0,77.0,13.0,0.0
42017,31884.0,1411.0,192.0,778.0
42019,9286.0,305.0,75.0,250.0
42021,8926.0,492.0,35.0,231.0
42023,0.0,0.0,0.0,0.0
42025,2976.0,105.0,18.0,15.0
42027,9246.0,111.0,6.0,110.0
42029,21476.0,984.0,91.0,487.0
42031,1726.0,138.0,17.0,13.0
42033,3835.0,63.0,8.0,32.0
42035,2005.0,55.0,13.0,0.0
42037,3165.0,57.0,7.0,45.0
42039,4961.0,250.0,38.0,62.0
42041,10963.0,372.0,59.0,243.0
42043,14498.0,1010.0,157.0,179.0
42045,30630.0,2014.0,240.0,806.0
42047,1257.0,27.0,3.0,0.0
42049,12089.0,715.0,31.0,233.0
42051,7323.0,281.0,57.0,132.0
42053,0.0,0.0,0.0,0.0
42055,9227.0,256.0,27.0,93.0
42057,0.0,0.0,0.0,0.0
42059,1675.0,67.0,12.0,0.0
42061,3168.0,62.0,8.0,0.0
42063,3964.0,124.0,10.0,67.0
42065,1836.0,32.0,9.0,13.0
42067,1424.0,18.0,2.0,37.0
42069,9400.0,504.0,102.0,232.0
42071,29227.0,2172.0,243.0,536.0
42073,4063.0,111.0,16.0,11.0
42075,9228.0,574.0,49.0,79.0
42077,21660.0,811.0,146.0,298.0
42079,18360.0,716.0,95.0,471.0
42081,6152.0,229.0,26.0,134.0
42083,1797.0,59.0,3.0,11.0
42085,5982.0,190.0,28.0,103.0
42087,3558.0,33.0,4.0,66.0
42089,6544.0,223.0,48.0,66.0
42091,37716.0,1363.0,40.0,1160.0
42093,0.0,0.0,0.0,0.0
42095,17671.0,632.0,75.0,473.0
42097,5258.0,197.0,20.0,169.0
42099,1784.0,61.0,11.0,25.0
42101,91531.0,7268.0,1199.0,1892.0
42103,1532.0,95.0,16.0,0.0
42105,0.0,0.0,0.0,0.0
42107,8532.0,245.0,41.0,145.0
42109,1967.0,152.0,14.0,0.0
42111,4942.0,143.0,8.0,102.0
42113,0.0,0.0,0.0,0.0
42115,1123.0,75.0,6.0,0.0
42117,1950.0,63.0,11.0,60.0
42119,2886.0,191.0,12.0,0.0
42121,2384.0,147.0,10.0,0.0
42123,1642.0,56.0,8.0,0.0
42125,9175.0,342.0,23.0,43.0
42127,2023.0,53.0,9.0,0.0
42129,19678.0,1152.0,51.0,396.0
42131,818.0,36.0,3.0,0.0
42133,24636.0,1205.0,131.0,346.0
44001,1030.0,7.0,4.0,0.0
44003,3988.0,10.0,3.0,26.0
44005,1048.0,7.0,3.0,0.0
44007,30900.0,92.0,19.0,170.0
44009,2225.0,13.0,2.0,0.0
45001,1297.0,51.0,0.0,0.0
45003,10213.0,460.0,0.0,25.0
45005,0.0,0.0,0.0,0.0
45007,12928.0,724.0,0.0,188.0
45009,0.0,0.0,0.0,0.0
45011,1584.0,80.0,0.0,0.0
45013,10115.0,447.0,0.0,33.0
45015,9556.0,307.0,0.0,0.0
45017,0.0,0.0,0.0,0.0
45019,25058.0,740.0,0.0,148.0
45021,3197.0,255.0,0.0,11.0
45023,2392.0,145.0,0.0,0.0
45025,2434.0,208.0,0.0,0.0
45027,1851.0,180.0,0.0,0.0
45029,2030.0,155.0,0.0,0.0
45031,4880.0,351.0,0.0,0.0
45033,2584.0,202.0,0.0,0.0
45035,8752.0,284.0,0.0,11.0
45037,1695.0,67.0,0.0,0.0
45039,1457.0,104.0,0.0,0.0
45041,11362.0,958.0,0.0,78.0
45043,4197.0,315.0,0.0,13.0
45045,40007.0,1518.0,0.0,409.0
45047,4537.0,181.0,0.0,16.0
45049,0.0,0.0,0.0,0.0
45051,21774.0,1517.0,0.0,233.0
45053,1413.0,103.0,0.0,0.0
45055,4210.0,240.0,0.0,0.0
45057,5707.0,263.0,0.0,11.0
45059,3825.0,167.0,0.0,14.0
45061,0.0,0.0,0.0,0.0
45063,18203.0,626.0,0.0,99.0
45065,0.0,0.0,0.0,0.0
45067,2061.0,204.0,0.0,0.0
45069,2006.0,153.0,0.0,0.0
45071,3056.0,118.0,0.0,13.0
45073,5515.0,186.0,0.0,17.0
45075,5392.0,354.0,0.0,35.0
45077,11028.0,379.0,0.0,105.0
45079,27932.0,1085.0,0.0,71.0
45081,1031.0,45.0,0.0,0.0
45083,20942.0,1310.0,0.0,276.0
45085,5978.0,391.0,0.0,0.0
45087,1612.0,165.0,0.0,0.0
45089,2467.0,221.0,0.0,0.0
45091,16481.0,604.0,0.0,73.0
46003,0.0,0.0,0.0,0.0
46005,0.0,0.0,0.0,0.0
46007,0.0,0.0,0.0,0.0
46009,0.0,0.0,0.0,0.0
46011,2001.0,0.0,0.0,0.0
46013,2873.0,0.0,0.0,0.0
46015,0.0,0.0,0.0,0.0
46017,0.0,0.0,0.0,0.0
46019,0.0,0.0,0.0,0.0
46021,0.0,0.0,0.0,0.0
46023,0.0,0.0,0.0,0.0
46025,0.0,0.0,0.0,0.0
46027,0.0,0.0,0.0,0.0
46029,2159.0,0.0,0.0,0.0
46031,0.0,0.0,0.0,0.0
46033,0.0,0.0,0.0,0.0
46035,0.0,0.0,0.0,0.0
46037,0.0,0.0,0.0,0.0
46039,0.0,0.0,0.0,0.0
46041,0.0,0.0,0.0,0.0
46043,0.0,0.0,0.0,0.0
46045,0.0,0.0,0.0,0.0
46047,0.0,0.0,0.0,0.0
46049,0.0,0.0,0.0,0.0
46051,0.0,0.0,0.0,0.0
46053,0.0,0.0,0.0,0.0
46055,0.0,0.0,0.0,0.0
46057,0.0,0.0,0.0,0.0
46059,0.0,0.0,0.0,0.0
46061,0.0,0.0,0.0,0.0
46063,0.0,0.0,0.0,0.0
46065,0.0,0.0,0.0,0.0
46067,0.0,0.0,0.0,0.0
46069,0.0,0.0,0.0,0.0
46071,0.0,0.0,0.0,0.0
46073,0.0,0.0,0.0,0.0
46075,0.0,0.0,0.0,0.0
46077,0.0,0.0,0.0,0.0
46079,0.0,0.0,0.0,0.0
46081,1343.0,0.0,0.0,0.0
46083,4245.0,0.0,0.0,0.0
46085,0.0,0.0,0.0,0.0
46087,0.0,0.0,0.0,0.0
46089,0.0,0.0,0.0,0.0
46091,0.0,0.0,0.0,0.0
46093,1214.0,0.0,0.0,0.0
46095,0.0,0.0,0.0,0.0
46097,0.0,0.0,0.0,0.0
46099,16053.0,1.0,0.0,0.0
46101,0.0,0.0,0.0,0.0
46102,0.0,0.0,0.0,0.0
46103,5699.0,1.0,0.0,0.0
46105,0.0,0.0,0.0,0.0
46107,0.0,0.0,0.0,0.0
46109,0.0,0.0,0.0,0.0
46111,0.0,0.0,0.0,0.0
46115,0.0,0.0,0.0,0.0
46117,0.0,0.0,0.0,0.0
46119,0.0,0.0,0.0,0.0
46121,0.0,0.0,0.0,0.0
46123,0.0,0.0,0.0,0.0
46125,0.0,0.0,0.0,0.0
46127,0.0,0.0,0.0,0.0
46129,0.0,0.0,0.0,0.0
46135,1392.0,0.0,0.0,0.0
46137,0.0,0.0,0.0,0.0
47001,5871.0,149.0,49.0,61.0
47003,4577.0,98.0,23.0,0.0
47005,0.0,0.0,0.0,0.0
47007,0.0,0.0,0.0,0.0
47009,10975.0,259.0,49.0,83.0
47011,9447.0,399.0,59.0,29.0
47013,2561.0,90.0,24.0,12.0
47015,0.0,0.0,0.0,0.0
47017,2784.0,65.0,15.0,0.0
47019,4619.0,188.0,27.0,68.0
47021,3068.0,68.0,15.0,0.0
47023,0.0,0.0,0.0,0.0
47025,1600.0,51.0,11.0,0.0
47027,0.0,0.0,0.0,0.0
47029,2951.0,91.0,15.0,12.0
47031,4903.0,89.0,17.0,16.0
47033,0.0,0.0,0.0,0.0
47035,4721.0,122.0,36.0,19.0
47037,65481.0,1714.0,206.0,375.0
47039,0.0,0.0,0.0,0.0
47041,2108.0,48.0,15.0,11.0
47043,4934.0,103.0,11.0,30.0
47045,4267.0,92.0,19.0,0.0
47047,3540.0,109.0,23.0,0.0
47049,0.0,0.0,0.0,0.0
47051,3672.0,87.0,14.0,0.0
47053,5135.0,97.0,19.0,41.0
47055,2714.0,92.0,17.0,0.0
47057,1827.0,48.0,11.0,0.0
47059,5724.0,155.0,29.0,24.0
47061,0.0,0.0,0.0,0.0
47063,5960.0,192.0,52.0,49.0
47065,31331.0,925.0,84.0,177.0
47067,0.0,0.0,0.0,0.0
47069,2874.0,88.0,21.0,0.0
47071,2654.0,53.0,13.0,0.0
47073,3801.0,112.0,13.0,18.0
47075,0.0,0.0,0.0,0.0
47077,3028.0,66.0,10.0,12.0
47079,2361.0,59.0,9.0,13.0
47081,2088.0,44.0,7.0,0.0
47083,0.0,0.0,0.0,0.0
47085,0.0,0.0,0.0,0.0
47087,0.0,0.0,0.0,0.0
47089,4004.0,134.0,32.0,13.0
47091,0.0,0.0,0.0,0.0
47093,35060.0,986.0,95.0,316.0
47095,0.0,0.0,0.0,0.0
47097,2691.0,74.0,21.0,0.0
47099,4323.0,119.0,28.0,12.0
47101,0.0,0.0,0.0,0.0
47103,3179.0,65.0,19.0,0.0
47105,4324.0,91.0,15.0,23.0
47107,4561.0,119.0,21.0,11.0
47109,2113.0,50.0,7.0,0.0
47111,2521.0,105.0,17.0,13.0
47113,8853.0,303.0,38.0,11.0
47115,2029.0,84.0,13.0,0.0
47117,2950.0,57.0,5.0,0.0
47119,9708.0,233.0,49.0,18.0
47121,0.0,0.0,0.0,0.0
47123,4014.0,122.0,33.0,0.0
47125,12145.0,244.0,54.0,25.0
47127,0.0,0.0,0.0,0.0
47129,1665.0,21.0,8.0,0.0
47131,3748.0,84.0,18.0,11.0
47133,2160.0,54.0,6.0,15.0
47135,0.0,0.0,0.0,0.0
47137,0.0,0.0,0.0,0.0
47139,0.0,0.0,0.0,0.0
47141,8732.0,179.0,20.0,87.0
47143,3333.0,70.0,14.0,0.0
47145,4576.0,110.0,26.0,32.0
47147,6809.0,328.0,66.0,0.0
47149,29917.0,484.0,49.0,119.0
47151,2144.0,49.0,10.0,0.0
47153,0.0,0.0,0.0,0.0
47155,9370.0,212.0,52.0,78.0
47157,70316.0,2982.0,443.0,904.0
47159,2004.0,51.0,12.0,0.0
47161,0.0,0.0,0.0,0.0
47163,11475.0,613.0,62.0,145.0
47165,16831.0,624.0,75.0,134.0
47167,5405.0,131.0,27.0,12.0
47169,0.0,0.0,0.0,0.0
47171,0.0,0.0,0.0,0.0
47173,0.0,0.0,0.0,0.0
47175,0.0,0.0,0.0,0.0
47177,4462.0,71.0,8.0,28.0
47179,10570.0,291.0,50.0,128.0
47181,0.0,0.0,0.0,0.0
47183,3205.0,52.0,12.0,0.0
47185,2765.0,90.0,15.0,0.0
47187,19685.0,246.0,31.0,59.0
47189,13023.0,270.0,38.0,59.0
48001,2711.0,0.0,0.0,0.0
48003,0.0,0.0,0.0,0.0
48005,0.0,0.0,0.0,0.0
48007,0.0,0.0,0.0,0.0
48009,0.0,0.0,0.0,0.0
48011,0.0,0.0,0.0,0.0
48013,0.0,0.0,0.0,0.0
48015,0.0,0.0,0.0,0.0
48017,0.0,0.0,0.0,0.0
48019,0.0,0.0,0.0,0.0
48021,0.0,0.0,0.0,0.0
48023,0.0,0.0,0.0,0.0
48025,0.0,0.0,0.0,0.0
48027,0.0,0.0,0.0,0.0
48029,6912.0,0.0,0.0,0.0
48031,0.0,0.0,0.0,0.0
48033,0.0,0.0,0.0,0.0
48035,0.0,0.0,0.0,0.0
48037,0.0,0.0,0.0,0.0
48039,1519.0,0.0,0.0,0.0
48041,3797.0,0.0,0.0,0.0
48043,0.0,0.0,0.0,0.0
48045,0.0,0.0,0.0,0.0
48047,0.0,0.0,0.0,0.0
48049,1403.0,0.0,0.0,0.0
48051,0.0,0.0,0.0,0.0
48053,0.0,0.0,0.0,0.0
48055,0.0,0.0,0.0,0.0
48057,0.0,0.0,0.0,0.0
48059,0.0,0.0,0.0,0.0
48061,0.0,0.0,0.0,0.0
48063,0.0,0.0,0.0,0.0
48065,0.0,0.0,0.0,0.0
48067,0.0,0.0,0.0,0.0
48069,0.0,0.0,0.0,0.0
48071,0.0,0.0,0.0,0.0
48073,0.0,0.0,0.0,0.0
48075,0.0,0.0,0.0,0.0
48077,0.0,0.0,0.0,0.0
48079,0.0,0.0,0.0,0.0
48081,0.0,0.0,0.0,0.0
48083,0.0,0.0,0.0,0.0
48085,1290.0,0.0,0.0,0.0
48087,0.0,0.0,0.0,0.0
48089,0.0,0.0,0.0,0.0
48091,0.0,0.0,0.0,0.0
48093,0.0,0.0,0.0,0.0
48095,0.0,0.0,0.0,0.0
48097,0.0,0.0,0.0,0.0
48099,1335.0,0.0,0.0,0.0
48101,0.0,0.0,0.0,0.0
48103,0.0,0.0,0.0,0.0
48105,0.0,0.0,0.0,0.0
48107,0.0,0.0,0.0,0.0
48109,0.0,0.0,0.0,0.0
48111,0.0,0.0,0.0,0.0
48113,1922.0,4.0,1.0,0.0
48115,0.0,0.0,0.0,0.0
48117,0.0,0.0,0.0,0.0
48119,0.0,0.0,0.0,0.0
48121,2306.0,0.0,0.0,0.0
48123,0.0,0.0,0.0,0.0
48125,0.0,0.0,0.0,0.0
48127,0.0,0.0,0.0,0.0
48129,0.0,0.0,0.0,0.0
48131,0.0,0.0,0.0,0.0
48133,0.0,0.0,0.0,0.0
48135,0.0,0.0,0.0,0.0
48137,0.0,0.0,0.0,0.0
48139,0.0,0.0,0.0,0.0
48141,2181.0,0.0,0.0,0.0
48143,0.0,0.0,0.0,0.0
48145,0.0,0.0,0.0,0.0
48147,0.0,0.0,0.0,0.0
48149,0.0,0.0,0.0,0.0
48151,0.0,0.0,0.0,0.0
48153,0.0,0.0,0.0,0.0
48155,0.0,0.0,0.0,0.0
48157,0.0,0.0,0.0,0.0
48159,0.0,0.0,0.0,0.0
48161,0.0,0.0,0.0,0.0
48163,0.0,0.0,0.0,0.0
48165,0.0,0.0,0.0,0.0
48167,5998.0,0.0,0.0,0.0
48169,0.0,0.0,0.0,0.0
48171,0.0,0.0,0.0,0.0
48173,0.0,0.0,0.0,0.0
48175,0.0,0.0,0.0,0.0
48177,0.0,0.0,0.0,0.0
48179,0.0,0.0,0.0,0.0
48181,0.0,0.0,0.0,0.0
48183,0.0,0.0,0.0,0.0
48185,0.0,0.0,0.0,0.0
48187,0.0,0.0,0.0,0.0
48189,0.0,0.0,0.0,0.0
48191,0.0,0.0,0.0,0.0
48193,0.0,0.0,0.0,0.0
48195,0.0,0.0,0.0,0.0
48197,0.0,0.0,0.0,0.0
48199,0.0,0.0,0.0,0.0
48201,1734.0,0.0,0.0,0.0
48203,0.0,0.0,0.0,0.0
48205,0.0,0.0,0.0,0.0
48207,0.0,0.0,0.0,0.0
48209,0.0,0.0,0.0,0.0
48211,0.0,0.0,0.0,0.0
48213,0.0,0.0,0.0,0.0
48215,1378.0,0.0,0.0,0.0
48217,0.0,0.0,0.0,0.0
48219,0.0,0.0,0.0,0.0
48221,0.0,0.0,0.0,0.0
48223,0.0,0.0,0.0,0.0
48225,0.0,0.0,0.0,0.0
48227,0.0,0.0,0.0,0.0
48229,0.0,0.0,0.0,0.0
48231,0.0,0.0,0.0,0.0
48233,0.0,0.0,0.0,0.0
48235,0.0,0.0,0.0,0.0
48237,0.0,0.0,0.0,0.0
48239,0.0,0.0,0.0,0.0
48241,0.0,0.0,0.0,0.0
48243,0.0,0.0,0.0,0.0
48245,1405.0,0.0,0.0,0.0
48247,0.0,0.0,0.0,0.0
48249,0.0,0.0,0.0,0.0
48251,0.0,0.0,0.0,0.0
48253,1398.0,0.0,0.0,0.0
48255,0.0,0.0,0.0,0.0
48257,0.0,0.0,0.0,0.0
48259,0.0,0.0,0.0,0.0
48261,0.0,0.0,0.0,0.0
48263,0.0,0.0,0.0,0.0
48265,0.0,0.0,0.0,0.0
48267,0.0,0.0,0.0,0.0
48269,0.0,0.0,0.0,0.0
48271,0.0,0.0,0.0,0.0
48273,0.0,0.0,0.0,0.0
48275,0.0,0.0,0.0,0.0
48277,0.0,0.0,0.0,0.0
48279,0.0,0.0,0.0,0.0
48281,0.0,0.0,0.0,0.0
48283,0.0,0.0,0.0,0.0
48285,0.0,0.0,0.0,0.0
48287,0.0,0.0,0.0,0.0
48289,0.0,0.0,0.0,0.0
48291,0.0,0.0,0.0,0.0
48293,0.0,0.0,0.0,0.0
48295,0.0,0.0,0.0,0.0
48297,0.0,0.0,0.0,0.0
48299,0.0,0.0,0.0,0.0
48301,0.0,0.0,0.0,0.0
48303,0.0,0.0,0.0,0.0
48305,0.0,0.0,0.0,0.0
48307,0.0,0.0,0.0,0.0
48309,0.0,0.0,0.0,0.0
48311,0.0,0.0,0.0,0.0
48313,0.0,0.0,0.0,0.0
48315,0.0,0.0,0.0,0.0
48317,0.0,0.0,0.0,0.0
48319,0.0,0.0,0.0,0.0
48321,0.0,0.0,0.0,0.0
48323,0.0,0.0,0.0,0.0
48325,0.0,0.0,0.0,0.0
48327,0.0,0.0,0.0,0.0
48329,0.0,0.0,0.0,0.0
48331,0.0,0.0,0.0,0.0
48333,0.0,0.0,0.0,0.0
48335,0.0,0.0,0.0,0.0
48337,0.0,0.0,0.0,0.0
48339,0.0,0.0,0.0,0.0
48341,0.0,0.0,0.0,0.0
48343,0.0,0.0,0.0,0.0
48345,0.0,0.0,0.0,0.0
48347,0.0,0.0,0.0,0.0
48349,1553.0,0.0,0.0,0.0
48351,0.0,0.0,0.0,0.0
48353,0.0,0.0,0.0,0.0
48355,1081.0,0.0,0.0,0.0
48357,0.0,0.0,0.0,0.0
48359,0.0,0.0,0.0,0.0
48361,0.0,0.0,0.0,0.0
48363,0.0,0.0,0.0,0.0
48365,0.0,0.0,0.0,0.0
48367,0.0,0.0,0.0,0.0
48369,0.0,0.0,0.0,0.0
48371,0.0,0.0,0.0,0.0
48373,0.0,0.0,0.0,0.0
48375,1459.0,0.0,0.0,0.0
48377,0.0,0.0,0.0,0.0
48379,0.0,0.0,0.0,0.0
48381,0.0,0.0,0.0,0.0
48383,0.0,0.0,0.0,0.0
48385,0.0,0.0,0.0,0.0
48387,0.0,0.0,0.0,0.0
48389,0.0,0.0,0.0,0.0
48391,0.0,0.0,0.0,0.0
48393,0.0,0.0,0.0,0.0
48395,0.0,0.0,0.0,0.0
48397,0.0,0.0,0.0,0.0
48399,0.0,0.0,0.0,0.0
48401,0.0,0.0,0.0,0.0
48403,0.0,0.0,0.0,0.0
48405,0.0,0.0,0.0,0.0
48407,0.0,0.0,0.0,0.0
48409,0.0,0.0,0.0,0.0
48411,0.0,0.0,0.0,0.0
48413,0.0,0.0,0.0,0.0
48415,0.0,0.0,0.0,0.0
48417,0.0,0.0,0.0,0.0
48419,0.0,0.0,0.0,0.0
48421,0.0,0.0,0.0,0.0
48423,0.0,0.0,0.0,0.0
48425,0.0,0.0,0.0,0.0
48427,0.0,0.0,0.0,0.0
48429,0.0,0.0,0.0,0.0
48431,0.0,0.0,0.0,0.0
48433,0.0,0.0,0.0,0.0
48435,0.0,0.0,0.0,0.0
48437,0.0,0.0,0.0,0.0
48439,0.0,0.0,0.0,0.0
48441,0.0,0.0,0.0,0.0
48443,0.0,0.0,0.0,0.0
48445,0.0,0.0,0.0,0.0
48447,0.0,0.0,0.0,0.0
48449,0.0,0.0,0.0,0.0
48451,0.0,0.0,0.0,0.0
48453,0.0,0.0,0.0,0.0
48455,0.0,0.0,0.0,0.0
48457,0.0,0.0,0.0,0.0
48459,0.0,0.0,0.0,0.0
48461,0.0,0.0,0.0,0.0
48463,0.0,0.0,0.0,0.0
48465,0.0,0.0,0.0,0.0
48467,0.0,0.0,0.0,0.0
48469,0.0,0.0,0.0,0.0
48471,2557.0,0.0,0.0,0.0
48473,0.0,0.0,0.0,0.0
48475,0.0,0.0,0.0,0.0
48477,0.0,0.0,0.0,0.0
48479,0.0,0.0,0.0,0.0
48481,0.0,0.0,0.0,0.0
48483,0.0,0.0,0.0,0.0
48485,0.0,0.0,0.0,0.0
48487,0.0,0.0,0.0,0.0
48489,0.0,0.0,0.0,0.0
48491,0.0,0.0,0.0,0.0
48493,0.0,0.0,0.0,0.0
48495,0.0,0.0,0.0,0.0
48497,0.0,0.0,0.0,0.0
48499,0.0,0.0,0.0,0.0
48501,0.0,0.0,0.0,0.0
48503,0.0,0.0,0.0,0.0
48505,0.0,0.0,0.0,0.0
48507,0.0,0.0,0.0,0.0
49001,0.0,0.0,0.0,0.0
49003,3885.0,23.0,34.0,0.0
49005,11927.0,28.0,62.0,0.0
49007,602.0,2.0,3.0,0.0
49009,0.0,0.0,0.0,0.0
49011,26773.0,339.0,148.0,28.0
49013,0.0,0.0,0.0,0.0
49015,0.0,0.0,0.0,0.0
49017,0.0,0.0,0.0,0.0
49019,0.0,0.0,0.0,0.0
49021,3406.0,39.0,14.0,0.0
49023,0.0,0.0,0.0,0.0
49025,0.0,0.0,0.0,0.0
49027,0.0,0.0,0.0,0.0
49029,0.0,0.0,0.0,0.0
49031,0.0,0.0,0.0,0.0
49033,0.0,0.0,0.0,0.0
49035,109593.0,3250.0,1217.0,315.0
49037,0.0,0.0,0.0,0.0
49039,2802.0,10.0,16.0,0.0
49041,1443.0,6.0,9.0,0.0
49043,3208.0,32.0,17.0,0.0
49045,4407.0,18.0,22.0,0.0
49047,1529.0,13.0,20.0,0.0
49049,68857.0,117.0,179.0,142.0
49051,3278.0,52.0,28.0,0.0
49053,14538.0,301.0,61.0,54.0
49055,0.0,0.0,0.0,0.0
49057,20199.0,184.0,84.0,40.0
50001,0.0,0.0,0.0,0.0
50003,371.0,16.0,5.0,0.0
50005,0.0,0.0,0.0,0.0
50007,2689.0,76.0,11.0,31.0
50009,0.0,0.0,0.0,0.0
50011,537.0,11.0,3.0,0.0
50013,0.0,0.0,0.0,0.0
50015,0.0,0.0,0.0,0.0
50017,0.0,0.0,0.0,0.0
50019,273.0,7.0,1.0,0.0
50021,403.0,24.0,6.0,0.0
50023,845.0,35.0,16.0,0.0
50025,469.0,25.0,8.0,0.0
50027,426.0,25.0,8.0,0.0
51001,1871.0,139.0,0.0,0.0
51003,2939.0,147.0,0.0,0.0
51005,0.0,0.0,0.0,0.0
51007,0.0,0.0,0.0,0.0
51009,1509.0,55.0,0.0,0.0
51011,0.0,0.0,0.0,0.0
51013,9046.0,679.0,0.0,55.0
51015,3529.0,106.0,0.0,17.0
51017,0.0,0.0,0.0,0.0
51019,3375.0,138.0,0.0,0.0
51021,0.0,0.0,0.0,0.0
51023,1470.0,43.0,0.0,0.0
51025,0.0,0.0,0.0,0.0
51027,965.0,69.0,0.0,0.0
51029,0.0,0.0,0.0,0.0
51031,2229.0,76.0,0.0,0.0
51033,1058.0,47.0,0.0,0.0
51035,1523.0,114.0,0.0,0.0
51036,0.0,0.0,0.0,0.0
51037,0.0,0.0,0.0,0.0
51041,13982.0,663.0,0.0,91.0
51043,0.0,0.0,0.0,0.0
51045,0.0,0.0,0.0,0.0
51047,3042.0,138.0,0.0,0.0
51049,0.0,0.0,0.0,0.0
51051,0.0,0.0,0.0,0.0
51053,952.0,61.0,0.0,0.0
51057,0.0,0.0,0.0,0.0
51059,47105.0,3164.0,0.0,473.0
51061,2445.0,97.0,0.0,0.0
51063,0.0,0.0,0.0,0.0
51065,799.0,56.0,0.0,0.0
51067,2463.0,99.0,0.0,0.0
51069,4004.0,141.0,0.0,11.0
51071,0.0,0.0,0.0,0.0
51073,916.0,31.0,0.0,0.0
51075,630.0,30.0,0.0,0.0
51077,0.0,0.0,0.0,0.0
51079,0.0,0.0,0.0,0.0
51081,0.0,0.0,0.0,0.0
51083,1184.0,39.0,0.0,0.0
51085,4029.0,218.0,0.0,24.0
51087,13214.0,758.0,0.0,179.0
51089,2828.0,236.0,0.0,0.0
51091,0.0,0.0,0.0,0.0
51093,1533.0,85.0,0.0,0.0
51095,2051.0,104.0,0.0,0.0
51097,0.0,0.0,0.0,0.0
51099,751.0,40.0,0.0,0.0
51101,0.0,0.0,0.0,0.0
51103,0.0,0.0,0.0,0.0
51105,1556.0,75.0,0.0,0.0
51107,14595.0,715.0,0.0,96.0
51109,963.0,73.0,0.0,0.0
51111,0.0,0.0,0.0,0.0
51113,0.0,0.0,0.0,0.0
51115,0.0,0.0,0.0,0.0
51117,1296.0,60.0,0.0,0.0
51119,0.0,0.0,0.0,0.0
51121,5308.0,120.0,0.0,31.0
51125,0.0,0.0,0.0,0.0
51127,672.0,20.0,0.0,0.0
51131,0.0,0.0,0.0,0.0
51133,0.0,0.0,0.0,0.0
51135,0.0,0.0,0.0,0.0
51137,972.0,47.0,0.0,0.0
51139,1090.0,76.0,0.0,0.0
51141,0.0,0.0,0.0,0.0
51143,2872.0,125.0,0.0,11.0
51145,955.0,42.0,0.0,0.0
51147,1137.0,61.0,0.0,0.0
51149,1852.0,31.0,0.0,0.0
51153,26745.0,1344.0,0.0,94.0
51155,1592.0,84.0,0.0,12.0
51157,0.0,0.0,0.0,0.0
51159,0.0,0.0,0.0,0.0
51161,4944.0,107.0,0.0,44.0
51163,661.0,28.0,0.0,0.0
51165,4182.0,278.0,0.0,16.0
51167,1574.0,108.0,0.0,0.0
51169,1248.0,95.0,0.0,0.0
51171,2418.0,146.0,0.0,35.0
51173,1871.0,139.0,0.0,39.0
51175,0.0,0.0,0.0,0.0
51177,4824.0,236.0,0.0,11.0
51179,5265.0,263.0,0.0,0.0
51181,0.0,0.0,0.0,0.0
51183,0.0,0.0,0.0,0.0
51185,2502.0,98.0,0.0,17.0
51187,1405.0,67.0,0.0,0.0
51191,3157.0,265.0,0.0,11.0
51193,0.0,0.0,0.0,0.0
51195,2175.0,121.0,0.0,35.0
51197,1403.0,80.0,0.0,0.0
51199,1591.0,38.0,0.0,0.0
51510,7654.0,443.0,0.0,17.0
51520,0.0,0.0,0.0,0.0
51530,0.0,0.0,0.0,0.0
51540,2228.0,73.0,0.0,0.0
51550,10013.0,662.0,0.0,37.0
51570,0.0,0.0,0.0,0.0
51580,0.0,0.0,0.0,0.0
51590,2275.0,166.0,0.0,0.0
51595,0.0,0.0,0.0,0.0
51600,0.0,0.0,0.0,0.0
51610,0.0,0.0,0.0,0.0
51620,0.0,0.0,0.0,0.0
51630,1001.0,72.0,0.0,0.0
51640,0.0,0.0,0.0,0.0
51650,4513.0,215.0,0.0,12.0
51660,4492.0,152.0,0.0,33.0
51670,900.0,65.0,0.0,0.0
51678,0.0,0.0,0.0,0.0
51680,4431.0,184.0,0.0,36.0
51683,2980.0,151.0,0.0,0.0
51685,0.0,0.0,0.0,0.0
51690,0.0,0.0,0.0,0.0
51700,6253.0,229.0,0.0,15.0
51710,9160.0,619.0,0.0,11.0
51720,0.0,0.0,0.0,0.0
51730,1473.0,108.0,0.0,0.0
51735,0.0,0.0,0.0,0.0
51740,4627.0,452.0,0.0,13.0
51750,0.0,0.0,0.0,0.0
51760,9648.0,605.0,0.0,0.0
51770,5292.0,167.0,0.0,36.0
51775,1223.0,43.0,0.0,0.0
51790,1673.0,57.0,0.0,0.0
51800,4077.0,253.0,0.0,12.0
51810,16962.0,822.0,0.0,64.0
51820,1269.0,47.0,0.0,0.0
51830,0.0,0.0,0.0,0.0
51840,1722.0,75.0,0.0,0.0
53001,0.0,0.0,0.0,0.0
53003,1115.0,73.0,11.0,0.0
53005,11808.0,644.0,78.0,36.0
53007,5040.0,210.0,9.0,0.0
53009,719.0,24.0,4.0,0.0
53011,14387.0,802.0,57.0,29.0
53013,0.0,0.0,0.0,0.0
53015,2723.0,141.0,34.0,0.0
53017,2690.0,106.0,8.0,0.0
53019,0.0,0.0,0.0,0.0
53021,9298.0,477.0,41.0,0.0
53023,0.0,0.0,0.0,0.0
53025,6129.0,298.0,14.0,0.0
53027,2560.0,113.0,2.0,0.0
53029,961.0,61.0,8.0,0.0
53031,0.0,0.0,0.0,0.0
53033,67167.0,4386.0,878.0,840.0
53035,4193.0,197.0,6.0,0.0
53037,1864.0,59.0,4.0,0.0
53039,0.0,0.0,0.0,0.0
53041,2531.0,156.0,8.0,0.0
53043,0.0,0.0,0.0,0.0
53045,1726.0,58.0,5.0,0.0
53047,1868.0,117.0,0.0,0.0
53049,0.0,0.0,0.0,0.0
53051,0.0,0.0,0.0,0.0
53053,27952.0,1988.0,48.0,211.0
53055,0.0,0.0,0.0,0.0
53057,3396.0,200.0,65.0,0.0
53059,0.0,0.0,0.0,0.0
53061,23756.0,1664.0,239.0,290.0
53063,28055.0,1499.0,184.0,320.0
53065,1218.0,67.0,9.0,0.0
53067,5171.0,330.0,32.0,0.0
53069,0.0,0.0,0.0,0.0
53071,3798.0,194.0,8.0,0.0
53073,3759.0,200.0,64.0,0.0
53075,2785.0,73.0,0.0,0.0
53077,21230.0,1202.0,122.0,134.0
54001,0.0,0.0,0.0,0.0
54003,0.0,0.0,0.0,0.0
54005,0.0,0.0,0.0,0.0
54007,0.0,0.0,0.0,0.0
54009,0.0,0.0,0.0,0.0
54011,0.0,0.0,0.0,0.0
54013,0.0,0.0,0.0,0.0
54015,0.0,0.0,0.0,0.0
54017,0.0,0.0,0.0,0.0
54019,0.0,0.0,0.0,0.0
54021,0.0,0.0,0.0,0.0
54023,0.0,0.0,0.0,0.0
54025,0.0,0.0,0.0,0.0
54027,0.0,0.0,0.0,0.0
54029,0.0,0.0,0.0,0.0
54031,0.0,0.0,0.0,0.0
54033,0.0,0.0,0.0,0.0
54035,0.0,0.0,0.0,0.0
54037,0.0,0.0,0.0,0.0
54039,1061.0,6.0,3.0,0.0
54041,0.0,0.0,0.0,0.0
54043,0.0,0.0,0.0,0.0
54045,0.0,0.0,0.0,0.0
54047,0.0,0.0,0.0,0.0
54049,0.0,0.0,0.0,0.0
54051,0.0,0.0,0.0,0.0
54053,0.0,0.0,0.0,0.0
54055,0.0,0.0,0.0,0.0
54057,0.0,0.0,0.0,0.0
54059,0.0,0.0,0.0,0.0
54061,0.0,0.0,0.0,0.0
54063,0.0,0.0,0.0,0.0
54065,0.0,0.0,0.0,0.0
54067,0.0,0.0,0.0,0.0
54069,0.0,0.0,0.0,0.0
54071,0.0,0.0,0.0,0.0
54073,0.0,0.0,0.0,0.0
54075,0.0,0.0,0.0,0.0
54077,0.0,0.0,0.0,0.0
54079,0.0,0.0,0.0,0.0
54081,0.0,0.0,0.0,0.0
54083,0.0,0.0,0.0,0.0
54085,0.0,0.0,0.0,0.0
54087,0.0,0.0,0.0,0.0
54089,0.0,0.0,0.0,0.0
54091,0.0,0.0,0.0,0.0
54093,0.0,0.0,0.0,0.0
54095,0.0,0.0,0.0,0.0
54097,0.0,0.0,0.0,0.0
54099,0.0,0.0,0.0,0.0
54101,0.0,0.0,0.0,0.0
54103,0.0,0.0,0.0,0.0
54105,0.0,0.0,0.0,0.0
54107,0.0,0.0,0.0,0.0
54109,0.0,0.0,0.0,0.0
55001,1206.0,73.0,0.0,0.0
55003,0.0,0.0,0.0,0.0
55005,3530.0,157.0,0.0,43.0
55007,0.0,0.0,0.0,0.0
55009,24169.0,1063.0,0.0,137.0
55011,0.0,0.0,0.0,0.0
55013,0.0,0.0,0.0,0.0
55015,4475.0,198.0,0.0,11.0
55017,4981.0,164.0,0.0,55.0
55019,2797.0,195.0,0.0,11.0
55021,3978.0,234.0,0.0,0.0
55023,0.0,0.0,0.0,0.0
55025,32639.0,1084.0,0.0,233.0
55027,7648.0,514.0,0.0,110.0
55029,2031.0,64.0,0.0,0.0
55031,2969.0,90.0,0.0,0.0
55033,3365.0,100.0,0.0,0.0
55035,9159.0,260.0,0.0,69.0
55037,0.0,0.0,0.0,0.0
55039,8919.0,470.0,0.0,43.0
55041,0.0,0.0,0.0,0.0
55043,3874.0,186.0,0.0,37.0
55045,2266.0,110.0,0.0,0.0
55047,0.0,0.0,0.0,0.0
55049,1621.0,69.0,0.0,0.0
55051,0.0,0.0,0.0,0.0
55053,1720.0,61.0,0.0,0.0
55055,6460.0,311.0,0.0,37.0
55057,1789.0,101.0,0.0,0.0
55059,12311.0,723.0,0.0,121.0
55061,1971.0,79.0,0.0,0.0
55063,9495.0,271.0,0.0,11.0
55065,0.0,0.0,0.0,0.0
55067,0.0,0.0,0.0,0.0
55069,2419.0,110.0,0.0,15.0
55071,5564.0,269.0,0.0,33.0
55073,11933.0,569.0,0.0,110.0
55075,3434.0,197.0,0.0,26.0
55077,0.0,0.0,0.0,0.0
55078,0.0,0.0,0.0,0.0
55079,45859.0,3535.0,0.0,582.0
55081,3388.0,112.0,0.0,0.0
55083,3796.0,182.0,0.0,12.0
55085,2589.0,126.0,0.0,0.0
55087,15275.0,533.0,0.0,98.0
55089,6077.0,310.0,0.0,18.0
55091,0.0,0.0,0.0,0.0
55093,2907.0,81.0,0.0,12.0
55095,2972.0,80.0,0.0,0.0
55097,5534.0,215.0,0.0,0.0
55099,0.0,0.0,0.0,0.0
55101,16423.0,1024.0,0.0,152.0
55103,0.0,0.0,0.0,0.0
55105,11466.0,552.0,0.0,77.0
55107,0.0,0.0,0.0,0.0
55109,5056.0,201.0,0.0,12.0
55111,4419.0,185.0,0.0,11.0
55113,0.0,0.0,0.0,0.0
55115,3705.0,153.0,0.0,15.0
55117,9850.0,428.0,0.0,68.0
55119,1565.0,51.0,0.0,0.0
55121,2507.0,78.0,0.0,24.0
55123,1481.0,57.0,0.0,0.0
55125,1315.0,77.0,0.0,0.0
55127,7781.0,279.0,0.0,85.0
55129,0.0,0.0,0.0,0.0
55131,11344.0,362.0,0.0,47.0
55133,33433.0,1531.0,0.0,371.0
55135,3854.0,195.0,0.0,56.0
55137,1457.0,79.0,0.0,0.0
55139,13198.0,610.0,0.0,99.0
55141,5335.0,203.0,0.0,0.0
56001,0.0,0.0,0.0,0.0
56003,0.0,0.0,0.0,0.0
56005,0.0,0.0,0.0,0.0
56007,0.0,0.0,0.0,0.0
56009,0.0,0.0,0.0,0.0
56011,0.0,0.0,0.0,0.0
56013,0.0,0.0,0.0,0.0
56015,0.0,0.0,0.0,0.0
56017,0.0,0.0,0.0,0.0
56019,0.0,0.0,0.0,0.0
56021,0.0,0.0,0.0,0.0
56023,0.0,0.0,0.0,0.0
56025,0.0,0.0,0.0,0.0
56027,0.0,0.0,0.0,0.0
56029,0.0,0.0,0.0,0.0
56031,0.0,0.0,0.0,0.0
56033,0.0,0.0,0.0,0.0
56035,0.0,0.0,0.0,0.0
56037,0.0,0.0,0.0,0.0
56039,0.0,0.0,0.0,0.0
56041,0.0,0.0,0.0,0.0
56043,0.0,0.0,0.0,0.0
56045,0.0,0.0,0.0,0.0
NA,1328871.0,47167.0,5299.0,16718.0
