,Patients,Hospitalized,ICU,Death
01001,2119.0,101.0,0.0,0.0
01003,6413.0,183.0,0.0,57.0
01005,951.0,48.0,0.0,0.0
01007,841.0,45.0,0.0,0.0
01009,2104.0,61.0,0.0,0.0
01011,0.0,0.0,0.0,0.0
01013,0.0,0.0,0.0,0.0
01015,4584.0,155.0,0.0,21.0
01017,1330.0,130.0,0.0,11.0
01019,737.0,30.0,0.0,0.0
01021,1897.0,80.0,0.0,0.0
01023,0.0,0.0,0.0,0.0
01025,1317.0,59.0,0.0,0.0
01027,0.0,0.0,0.0,0.0
01029,0.0,0.0,0.0,0.0
01031,1788.0,52.0,0.0,0.0
01033,2233.0,86.0,0.0,0.0
01035,0.0,0.0,0.0,0.0
01037,0.0,0.0,0.0,0.0
01039,1799.0,42.0,0.0,15.0
01041,0.0,0.0,0.0,0.0
01043,2648.0,75.0,0.0,0.0
01045,1751.0,67.0,0.0,0.0
01047,1698.0,109.0,0.0,0.0
01049,3493.0,67.0,0.0,0.0
01051,3053.0,135.0,0.0,0.0
01053,1601.0,60.0,0.0,0.0
01055,4384.0,163.0,0.0,50.0
01057,0.0,0.0,0.0,0.0
01059,2049.0,62.0,0.0,0.0
01061,952.0,28.0,0.0,0.0
01063,0.0,0.0,0.0,0.0
01065,0.0,0.0,0.0,0.0
01067,0.0,0.0,0.0,0.0
01069,4237.0,135.0,0.0,12.0
01071,2184.0,51.0,0.0,0.0
01073,23885.0,816.0,0.0,222.0
01075,0.0,0.0,0.0,0.0
01077,2684.0,95.0,0.0,0.0
01079,995.0,55.0,0.0,0.0
01081,6479.0,158.0,0.0,17.0
01083,3159.0,108.0,0.0,12.0
01085,0.0,0.0,0.0,0.0
01087,0.0,0.0,0.0,0.0
01089,8767.0,262.0,1.0,32.0
01091,0.0,0.0,0.0,0.0
01093,1037.0,50.0,0.0,0.0
01095,4179.0,103.0,0.0,12.0
01097,16277.0,723.0,0.0,113.0
01099,575.0,22.0,0.0,0.0
01101,9734.0,532.0,0.0,76.0
01103,4474.0,105.0,0.0,12.0
01105,0.0,0.0,0.0,0.0
01107,0.0,0.0,0.0,0.0
01109,1280.0,30.0,0.0,0.0
01111,844.0,46.0,0.0,0.0
01113,1905.0,41.0,0.0,0.0
01115,3136.0,141.0,0.0,54.0
01117,7442.0,179.0,0.0,0.0
01119,0.0,0.0,0.0,0.0
01121,2650.0,99.0,0.0,0.0
01123,1240.0,112.0,0.0,43.0
01125,9900.0,326.0,0.0,0.0
01127,2745.0,170.0,0.0,19.0
01129,0.0,0.0,0.0,0.0
01131,0.0,0.0,0.0,0.0
01133,941.0,43.0,0.0,0.0
02013,0.0,0.0,0.0,0.0
02016,0.0,0.0,0.0,0.0
02020,9401.0,320.0,101.0,0.0
02050,0.0,0.0,0.0,0.0
02060,0.0,0.0,0.0,0.0
02068,0.0,0.0,0.0,0.0
02070,0.0,0.0,0.0,0.0
02090,2436.0,47.0,16.0,0.0
02100,0.0,0.0,0.0,0.0
02105,0.0,0.0,0.0,0.0
02110,567.0,35.0,20.0,0.0
02122,1062.0,25.0,13.0,0.0
02130,0.0,0.0,0.0,0.0
02150,0.0,0.0,0.0,0.0
02158,0.0,0.0,0.0,0.0
02164,0.0,0.0,0.0,0.0
02170,1893.0,32.0,5.0,0.0
02180,0.0,0.0,0.0,0.0
02185,0.0,0.0,0.0,0.0
02188,0.0,0.0,0.0,0.0
02195,0.0,0.0,0.0,0.0
02198,0.0,0.0,0.0,0.0
02220,0.0,0.0,0.0,0.0
02230,0.0,0.0,0.0,0.0
02240,0.0,0.0,0.0,0.0
02261,0.0,0.0,0.0,0.0
02275,0.0,0.0,0.0,0.0
02282,0.0,0.0,0.0,0.0
02290,0.0,0.0,0.0,0.0
04001,4141.0,423.0,0.0,11.0
04003,2407.0,239.0,0.0,0.0
04005,5692.0,615.0,0.0,29.0
04007,2182.0,309.0,0.0,11.0
04009,1263.0,87.0,0.0,0.0
04011,0.0,0.0,0.0,0.0
04012,0.0,0.0,0.0,0.0
04013,163898.0,16768.0,1.0,3321.0
04015,4737.0,625.0,0.0,106.0
04017,6779.0,867.0,0.0,35.0
04019,30051.0,2478.0,0.0,426.0
04021,13276.0,1553.0,0.0,50.0
04023,3128.0,237.0,0.0,0.0
04025,3322.0,357.0,0.0,39.0
04027,14398.0,1231.0,0.0,228.0
05001,0.0,0.0,0.0,0.0
05003,0.0,0.0,0.0,0.0
05005,678.0,57.0,21.0,11.0
05007,7775.0,364.0,138.0,36.0
05009,979.0,62.0,24.0,13.0
05011,0.0,0.0,0.0,0.0
05013,0.0,0.0,0.0,0.0
05015,977.0,65.0,25.0,0.0
05017,0.0,0.0,0.0,0.0
05019,436.0,42.0,16.0,0.0
05021,0.0,0.0,0.0,0.0
05023,415.0,57.0,25.0,0.0
05025,0.0,0.0,0.0,0.0
05027,616.0,52.0,14.0,0.0
05029,321.0,26.0,3.0,0.0
05031,4708.0,403.0,112.0,61.0
05033,2064.0,136.0,33.0,0.0
05035,2403.0,207.0,61.0,0.0
05037,0.0,0.0,0.0,0.0
05039,0.0,0.0,0.0,0.0
05041,0.0,0.0,0.0,0.0
05043,0.0,0.0,0.0,0.0
05045,3222.0,202.0,71.0,26.0
05047,0.0,0.0,0.0,0.0
05049,0.0,0.0,0.0,0.0
05051,2541.0,193.0,51.0,55.0
05053,0.0,0.0,0.0,0.0
05055,1510.0,126.0,38.0,0.0
05057,527.0,32.0,13.0,0.0
05059,1804.0,114.0,40.0,0.0
05061,0.0,0.0,0.0,0.0
05063,1235.0,112.0,45.0,19.0
05065,0.0,0.0,0.0,0.0
05067,0.0,0.0,0.0,0.0
05069,3917.0,401.0,141.0,0.0
05071,964.0,62.0,19.0,0.0
05073,0.0,0.0,0.0,0.0
05075,0.0,0.0,0.0,0.0
05077,0.0,0.0,0.0,0.0
05079,0.0,0.0,0.0,0.0
05081,0.0,0.0,0.0,0.0
05083,573.0,41.0,8.0,0.0
05085,1519.0,148.0,50.0,12.0
05087,0.0,0.0,0.0,0.0
05089,0.0,0.0,0.0,0.0
05091,1265.0,91.0,28.0,0.0
05093,2259.0,238.0,88.0,0.0
05095,0.0,0.0,0.0,0.0
05097,0.0,0.0,0.0,0.0
05099,0.0,0.0,0.0,0.0
05101,0.0,0.0,0.0,0.0
05103,380.0,27.0,7.0,0.0
05105,0.0,0.0,0.0,0.0
05107,0.0,0.0,0.0,0.0
05109,0.0,0.0,0.0,0.0
05111,1109.0,132.0,45.0,18.0
05113,0.0,0.0,0.0,0.0
05115,2586.0,193.0,74.0,0.0
05117,0.0,0.0,0.0,0.0
05119,11598.0,1176.0,352.0,125.0
05121,0.0,0.0,0.0,0.0
05123,1728.0,91.0,47.0,0.0
05125,2745.0,235.0,68.0,18.0
05127,0.0,0.0,0.0,0.0
05129,0.0,0.0,0.0,0.0
05131,4851.0,280.0,72.0,59.0
05133,0.0,0.0,0.0,0.0
05135,0.0,0.0,0.0,0.0
05137,0.0,0.0,0.0,0.0
05139,1100.0,75.0,47.0,0.0
05141,0.0,0.0,0.0,0.0
05143,10495.0,542.0,203.0,24.0
05145,1398.0,90.0,15.0,28.0
05147,0.0,0.0,0.0,0.0
05149,1251.0,91.0,32.0,0.0
06001,23631.0,1691.0,241.0,68.0
06003,0.0,0.0,0.0,0.0
06005,362.0,27.0,7.0,0.0
06007,3231.0,172.0,36.0,11.0
06009,323.0,19.0,1.0,0.0
06011,569.0,29.0,3.0,0.0
06013,19671.0,1572.0,243.0,29.0
06015,173.0,3.0,1.0,0.0
06017,1490.0,75.0,26.0,0.0
06019,34014.0,1721.0,217.0,226.0
06021,699.0,46.0,11.0,0.0
06023,577.0,35.0,10.0,0.0
06025,13295.0,1228.0,186.0,221.0
06027,0.0,0.0,0.0,0.0
06029,34296.0,2474.0,482.0,137.0
06031,8869.0,348.0,47.0,0.0
06033,709.0,43.0,18.0,0.0
06035,774.0,1.0,0.0,0.0
06037,295339.0,32906.0,6798.0,6671.0
06039,5161.0,297.0,54.0,12.0
06041,7204.0,215.0,24.0,39.0
06043,0.0,0.0,0.0,0.0
06045,1050.0,76.0,18.0,0.0
06047,9810.0,722.0,172.0,36.0
06049,0.0,0.0,0.0,0.0
06051,0.0,0.0,0.0,0.0
06053,11866.0,704.0,107.0,11.0
06055,2195.0,141.0,39.0,0.0
06057,663.0,46.0,6.0,0.0
06059,62235.0,4566.0,992.0,1160.0
06061,4663.0,291.0,49.0,0.0
06063,0.0,0.0,0.0,0.0
06065,70216.0,3282.0,611.0,1000.0
06067,27190.0,2160.0,432.0,253.0
06069,1446.0,79.0,19.0,0.0
06071,66992.0,4197.0,607.0,911.0
06073,59226.0,4169.0,939.0,513.0
06075,12765.0,701.0,153.0,0.0
06077,22494.0,1733.0,437.0,251.0
06079,4458.0,237.0,41.0,0.0
06081,11550.0,216.0,62.0,56.0
06083,10353.0,571.0,94.0,0.0
06085,26233.0,2239.0,463.0,128.0
06087,3009.0,199.0,36.0,0.0
06089,2602.0,110.0,20.0,0.0
06091,0.0,0.0,0.0,0.0
06093,216.0,15.0,6.0,0.0
06095,7932.0,505.0,123.0,0.0
06097,10111.0,501.0,99.0,62.0
06099,18167.0,1232.0,147.0,125.0
06101,1918.0,67.0,15.0,0.0
06103,1001.0,42.0,19.0,0.0
06105,0.0,0.0,0.0,0.0
06107,18041.0,980.0,108.0,42.0
06109,305.0,25.0,7.0,0.0
06111,15151.0,1171.0,253.0,13.0
06113,3398.0,261.0,83.0,0.0
06115,1303.0,41.0,8.0,0.0
08001,10098.0,1137.0,1.0,86.0
08003,0.0,0.0,0.0,0.0
08005,11534.0,1555.0,8.0,343.0
08007,0.0,0.0,0.0,0.0
08009,0.0,0.0,0.0,0.0
08011,0.0,0.0,0.0,0.0
08013,3544.0,291.0,3.0,53.0
08014,673.0,76.0,4.0,0.0
08015,304.0,7.0,0.0,0.0
08017,0.0,0.0,0.0,0.0
08019,0.0,0.0,0.0,0.0
08021,0.0,0.0,0.0,0.0
08023,0.0,0.0,0.0,0.0
08025,0.0,0.0,0.0,0.0
08027,0.0,0.0,0.0,0.0
08029,196.0,15.0,0.0,0.0
08031,14149.0,1884.0,111.0,258.0
08033,0.0,0.0,0.0,0.0
08035,2887.0,296.0,0.0,60.0
08037,1302.0,64.0,1.0,0.0
08039,124.0,16.0,0.0,0.0
08041,8420.0,759.0,29.0,141.0
08043,777.0,20.0,0.0,0.0
08045,1028.0,66.0,0.0,0.0
08047,0.0,0.0,0.0,0.0
08049,0.0,0.0,0.0,0.0
08051,0.0,0.0,0.0,0.0
08053,0.0,0.0,0.0,0.0
08055,0.0,0.0,0.0,0.0
08057,0.0,0.0,0.0,0.0
08059,7401.0,771.0,55.0,218.0
08061,0.0,0.0,0.0,0.0
08063,0.0,0.0,0.0,0.0
08065,0.0,0.0,0.0,0.0
08067,349.0,19.0,1.0,0.0
08069,2417.0,190.0,1.0,11.0
08071,0.0,0.0,0.0,0.0
08073,0.0,0.0,0.0,0.0
08075,961.0,46.0,0.0,0.0
08077,1094.0,80.0,2.0,28.0
08079,0.0,0.0,0.0,0.0
08081,0.0,0.0,0.0,0.0
08083,160.0,19.0,0.0,0.0
08085,373.0,40.0,0.0,0.0
08087,783.0,120.0,3.0,12.0
08089,0.0,0.0,0.0,0.0
08091,0.0,0.0,0.0,0.0
08093,0.0,0.0,0.0,0.0
08095,0.0,0.0,0.0,0.0
08097,0.0,0.0,0.0,0.0
08099,0.0,0.0,0.0,0.0
08101,2010.0,240.0,11.0,18.0
08103,0.0,0.0,0.0,0.0
08105,0.0,0.0,0.0,0.0
08107,147.0,6.0,0.0,0.0
08109,0.0,0.0,0.0,0.0
08111,0.0,0.0,0.0,0.0
08113,0.0,0.0,0.0,0.0
08115,0.0,0.0,0.0,0.0
08117,563.0,38.0,5.0,0.0
08119,248.0,21.0,0.0,0.0
08121,0.0,0.0,0.0,0.0
08123,5187.0,813.0,23.0,80.0
08125,0.0,0.0,0.0,0.0
09001,25100.0,2072.0,0.0,1145.0
09003,18896.0,2260.0,0.0,1214.0
09005,2459.0,257.0,0.0,108.0
09007,2166.0,277.0,0.0,104.0
09009,18145.0,2774.0,0.0,891.0
09011,3948.0,141.0,0.0,67.0
09013,1710.0,106.0,0.0,11.0
09015,1458.0,55.0,0.0,0.0
10001,3040.0,12.0,1.0,0.0
10003,12365.0,22.0,0.0,0.0
10005,7418.0,8.0,0.0,0.0
11001,0.0,0.0,0.0,0.0
12001,7391.0,263.0,0.0,11.0
12003,1512.0,69.0,0.0,0.0
12005,5150.0,299.0,0.0,104.0
12007,1135.0,58.0,0.0,0.0
12009,8928.0,739.0,0.0,324.0
12011,79252.0,4982.0,2.0,1377.0
12013,0.0,0.0,0.0,0.0
12015,3148.0,290.0,0.0,106.0
12017,3040.0,238.0,0.0,118.0
12019,4633.0,291.0,2.0,79.0
12021,12045.0,695.0,0.0,90.0
12023,3423.0,165.0,0.0,31.0
12027,1663.0,90.0,0.0,0.0
12029,0.0,0.0,0.0,0.0
12031,18760.0,992.0,0.0,457.0
12033,10706.0,640.0,0.0,238.0
12035,1776.0,130.0,0.0,0.0
12037,0.0,0.0,0.0,0.0
12039,2269.0,165.0,0.0,0.0
12041,0.0,0.0,0.0,0.0
12043,0.0,0.0,0.0,0.0
12045,0.0,0.0,0.0,0.0
12047,0.0,0.0,0.0,0.0
12049,1434.0,103.0,0.0,0.0
12051,2046.0,164.0,0.0,0.0
12053,3225.0,292.0,0.0,168.0
12055,2513.0,197.0,0.0,59.0
12057,35910.0,1555.0,2.0,749.0
12059,0.0,0.0,0.0,0.0
12061,3120.0,264.0,0.0,64.0
12063,2656.0,149.0,0.0,11.0
12065,0.0,0.0,0.0,0.0
12067,0.0,0.0,0.0,0.0
12069,5216.0,558.0,0.0,164.0
12071,19298.0,1330.0,3.0,462.0
12073,9032.0,220.0,0.0,38.0
12075,1043.0,65.0,0.0,0.0
12077,0.0,0.0,0.0,0.0
12079,0.0,0.0,0.0,0.0
12081,10065.0,742.0,0.0,181.0
12083,10034.0,853.0,0.0,286.0
12085,4847.0,304.0,0.0,74.0
12086,168954.0,6128.0,1.0,4215.0
12087,1922.0,99.0,0.0,0.0
12089,1496.0,120.0,0.0,34.0
12091,5584.0,269.0,0.0,98.0
12093,1475.0,115.0,0.0,0.0
12095,32018.0,1290.0,0.0,353.0
12097,11330.0,709.0,0.0,72.0
12099,46376.0,3240.0,1.0,1544.0
12101,9783.0,802.0,0.0,194.0
12103,23122.0,2075.0,0.0,847.0
12105,16243.0,1907.0,0.0,548.0
12107,2233.0,235.0,0.0,0.0
12109,5098.0,236.0,0.0,27.0
12111,6656.0,597.0,0.0,194.0
12113,5075.0,257.0,1.0,35.0
12115,6223.0,601.0,1.0,273.0
12117,8098.0,529.0,0.0,213.0
12119,2394.0,222.0,0.0,25.0
12121,2662.0,116.0,0.0,0.0
12123,1279.0,35.0,0.0,0.0
12125,0.0,0.0,0.0,0.0
12127,10241.0,781.0,0.0,198.0
12129,1000.0,39.0,0.0,0.0
12131,1633.0,87.0,0.0,0.0
12133,978.0,45.0,0.0,0.0
13001,0.0,0.0,0.0,0.0
13003,0.0,0.0,0.0,0.0
13005,0.0,0.0,0.0,0.0
13007,0.0,0.0,0.0,0.0
13009,1299.0,16.0,0.0,0.0
13011,0.0,0.0,0.0,0.0
13013,1409.0,22.0,0.0,0.0
13015,2928.0,4.0,0.0,0.0
13017,0.0,0.0,0.0,0.0
13019,0.0,0.0,0.0,0.0
13021,4084.0,59.0,0.0,12.0
13023,0.0,0.0,0.0,0.0
13025,0.0,0.0,0.0,0.0
13027,0.0,0.0,0.0,0.0
13029,874.0,12.0,0.0,0.0
13031,2283.0,5.0,0.0,0.0
13033,365.0,0.0,0.0,0.0
13035,463.0,6.0,0.0,0.0
13037,0.0,0.0,0.0,0.0
13039,1228.0,1.0,0.0,0.0
13043,0.0,0.0,0.0,0.0
13045,2593.0,7.0,0.0,0.0
13047,1290.0,1.0,0.0,0.0
13049,0.0,0.0,0.0,0.0
13051,5736.0,51.0,0.0,13.0
13053,0.0,0.0,0.0,0.0
13055,778.0,0.0,0.0,0.0
13057,5679.0,70.0,0.0,0.0
13059,4124.0,9.0,0.0,0.0
13061,0.0,0.0,0.0,0.0
13063,5512.0,15.0,0.0,0.0
13065,0.0,0.0,0.0,0.0
13067,15481.0,46.0,2.0,0.0
13069,1730.0,57.0,0.0,13.0
13071,1744.0,9.0,0.0,0.0
13073,2767.0,14.0,0.0,0.0
13075,0.0,0.0,0.0,0.0
13077,1787.0,4.0,0.0,0.0
13079,0.0,0.0,0.0,0.0
13081,541.0,4.0,0.0,0.0
13083,0.0,0.0,0.0,0.0
13085,258.0,3.0,0.0,0.0
13087,877.0,7.0,0.0,0.0
13089,13537.0,101.0,1.0,0.0
13091,594.0,6.0,0.0,0.0
13093,0.0,0.0,0.0,0.0
13095,1737.0,60.0,0.0,0.0
13097,2617.0,26.0,0.0,0.0
13099,0.0,0.0,0.0,0.0
13101,0.0,0.0,0.0,0.0
13103,1335.0,18.0,0.0,0.0
13105,0.0,0.0,0.0,0.0
13107,0.0,0.0,0.0,0.0
13109,0.0,0.0,0.0,0.0
13111,643.0,8.0,0.0,0.0
13113,1400.0,5.0,1.0,0.0
13115,3038.0,0.0,0.0,0.0
13117,2531.0,46.0,0.0,0.0
13119,497.0,8.0,0.0,0.0
13121,21022.0,91.0,1.0,14.0
13123,940.0,4.0,0.0,0.0
13125,0.0,0.0,0.0,0.0
13127,2513.0,3.0,0.0,0.0
13129,2041.0,2.0,1.0,0.0
13131,551.0,14.0,0.0,0.0
13133,0.0,0.0,0.0,0.0
13135,19140.0,193.0,0.0,0.0
13137,764.0,13.0,0.0,0.0
13139,3869.0,38.0,0.0,0.0
13141,0.0,0.0,0.0,0.0
13143,512.0,0.0,0.0,0.0
13145,502.0,4.0,0.0,0.0
13147,322.0,1.0,0.0,0.0
13149,0.0,0.0,0.0,0.0
13151,4141.0,5.0,0.0,0.0
13153,3514.0,7.0,0.0,0.0
13155,0.0,0.0,0.0,0.0
13157,1342.0,10.0,0.0,0.0
13159,0.0,0.0,0.0,0.0
13161,0.0,0.0,0.0,0.0
13163,0.0,0.0,0.0,0.0
13165,0.0,0.0,0.0,0.0
13167,0.0,0.0,0.0,0.0
13169,450.0,0.0,0.0,0.0
13171,0.0,0.0,0.0,0.0
13173,0.0,0.0,0.0,0.0
13175,1724.0,4.0,0.0,0.0
13177,461.0,9.0,0.0,0.0
13179,805.0,6.0,0.0,0.0
13181,0.0,0.0,0.0,0.0
13183,0.0,0.0,0.0,0.0
13185,2991.0,29.0,0.0,0.0
13187,0.0,0.0,0.0,0.0
13189,308.0,1.0,0.0,0.0
13191,0.0,0.0,0.0,0.0
13193,0.0,0.0,0.0,0.0
13195,652.0,4.0,0.0,0.0
13197,0.0,0.0,0.0,0.0
13199,239.0,5.0,0.0,0.0
13201,0.0,0.0,0.0,0.0
13205,477.0,10.0,0.0,0.0
13207,530.0,4.0,0.0,0.0
13209,0.0,0.0,0.0,0.0
13211,0.0,0.0,0.0,0.0
13213,984.0,2.0,0.0,0.0
13215,3851.0,18.0,0.0,11.0
13217,1962.0,8.0,0.0,0.0
13219,696.0,3.0,0.0,0.0
13221,0.0,0.0,0.0,0.0
13223,2364.0,3.0,0.0,0.0
13225,613.0,4.0,0.0,0.0
13227,688.0,6.0,0.0,0.0
13229,0.0,0.0,0.0,0.0
13231,0.0,0.0,0.0,0.0
13233,1384.0,0.0,0.0,0.0
13235,0.0,0.0,0.0,0.0
13237,571.0,2.0,0.0,0.0
13239,0.0,0.0,0.0,0.0
13241,0.0,0.0,0.0,0.0
13243,0.0,0.0,0.0,0.0
13245,5134.0,18.0,0.0,0.0
13247,1579.0,6.0,0.0,0.0
13249,0.0,0.0,0.0,0.0
13251,0.0,0.0,0.0,0.0
13253,0.0,0.0,0.0,0.0
13255,1092.0,24.0,0.0,0.0
13257,0.0,0.0,0.0,0.0
13259,0.0,0.0,0.0,0.0
13261,435.0,6.0,0.0,0.0
13263,0.0,0.0,0.0,0.0
13265,0.0,0.0,0.0,0.0
13267,656.0,7.0,0.0,0.0
13269,0.0,0.0,0.0,0.0
13271,0.0,0.0,0.0,0.0
13273,0.0,0.0,0.0,0.0
13275,1004.0,31.0,0.0,0.0
13277,896.0,28.0,0.0,0.0
13279,1059.0,6.0,0.0,0.0
13281,0.0,0.0,0.0,0.0
13283,0.0,0.0,0.0,0.0
13285,1808.0,32.0,0.0,15.0
13287,0.0,0.0,0.0,0.0
13289,0.0,0.0,0.0,0.0
13291,0.0,0.0,0.0,0.0
13293,338.0,1.0,0.0,0.0
13295,1588.0,0.0,0.0,0.0
13297,1496.0,6.0,0.0,0.0
13299,1478.0,18.0,0.0,0.0
13301,0.0,0.0,0.0,0.0
13303,591.0,1.0,0.0,0.0
13305,916.0,7.0,0.0,0.0
13307,0.0,0.0,0.0,0.0
13309,0.0,0.0,0.0,0.0
13311,237.0,5.0,0.0,0.0
13313,5239.0,3.0,0.0,0.0
13315,0.0,0.0,0.0,0.0
13317,0.0,0.0,0.0,0.0
13319,0.0,0.0,0.0,0.0
13321,336.0,11.0,0.0,0.0
15001,1000.0,1.0,0.0,0.0
15003,10169.0,0.0,0.0,0.0
15005,0.0,0.0,0.0,0.0
15007,0.0,0.0,0.0,0.0
15009,377.0,0.0,0.0,0.0
16001,17892.0,649.0,0.0,141.0
16003,0.0,0.0,0.0,0.0
16005,2944.0,133.0,0.0,0.0
16007,0.0,0.0,0.0,0.0
16009,0.0,0.0,0.0,0.0
16011,1756.0,111.0,0.0,0.0
16013,904.0,80.0,0.0,0.0
16015,0.0,0.0,0.0,0.0
16017,514.0,15.0,0.0,0.0
16019,5152.0,245.0,0.0,15.0
16021,0.0,0.0,0.0,0.0
16023,0.0,0.0,0.0,0.0
16025,0.0,0.0,0.0,0.0
16027,10892.0,453.0,0.0,57.0
16029,0.0,0.0,0.0,0.0
16031,1533.0,56.0,0.0,0.0
16033,0.0,0.0,0.0,0.0
16035,0.0,0.0,0.0,0.0
16037,0.0,0.0,0.0,0.0
16039,627.0,31.0,0.0,0.0
16041,0.0,0.0,0.0,0.0
16043,0.0,0.0,0.0,0.0
16045,0.0,0.0,0.0,0.0
16047,0.0,0.0,0.0,0.0
16049,0.0,0.0,0.0,0.0
16051,1102.0,47.0,0.0,0.0
16053,1249.0,82.0,0.0,0.0
16055,4651.0,206.0,0.0,26.0
16057,1040.0,13.0,0.0,0.0
16059,0.0,0.0,0.0,0.0
16061,0.0,0.0,0.0,0.0
16063,0.0,0.0,0.0,0.0
16065,2973.0,33.0,0.0,0.0
16067,1271.0,59.0,0.0,0.0
16069,1145.0,28.0,0.0,0.0
16071,0.0,0.0,0.0,0.0
16073,0.0,0.0,0.0,0.0
16075,1152.0,56.0,0.0,0.0
16077,0.0,0.0,0.0,0.0
16079,0.0,0.0,0.0,0.0
16081,0.0,0.0,0.0,0.0
16083,4561.0,297.0,0.0,23.0
16085,0.0,0.0,0.0,0.0
16087,0.0,0.0,0.0,0.0
17001,2877.0,143.0,13.0,31.0
17003,0.0,0.0,0.0,0.0
17005,0.0,0.0,0.0,0.0
17007,2541.0,151.0,27.0,0.0
17009,0.0,0.0,0.0,0.0
17011,1374.0,29.0,5.0,0.0
17013,0.0,0.0,0.0,0.0
17015,0.0,0.0,0.0,0.0
17017,0.0,0.0,0.0,0.0
17019,7236.0,108.0,42.0,11.0
17021,1418.0,25.0,9.0,0.0
17023,0.0,0.0,0.0,0.0
17025,0.0,0.0,0.0,0.0
17027,2480.0,75.0,15.0,0.0
17029,2665.0,149.0,8.0,22.0
17031,236339.0,23217.0,5525.0,7528.0
17033,0.0,0.0,0.0,0.0
17035,0.0,0.0,0.0,0.0
17037,3483.0,241.0,41.0,11.0
17039,0.0,0.0,0.0,0.0
17041,0.0,0.0,0.0,0.0
17043,31744.0,3246.0,699.0,775.0
17045,0.0,0.0,0.0,0.0
17047,0.0,0.0,0.0,0.0
17049,1782.0,26.0,1.0,0.0
17051,879.0,55.0,4.0,0.0
17053,0.0,0.0,0.0,0.0
17055,1314.0,48.0,3.0,0.0
17057,876.0,25.0,3.0,0.0
17059,0.0,0.0,0.0,0.0
17061,0.0,0.0,0.0,0.0
17063,1757.0,60.0,9.0,0.0
17065,0.0,0.0,0.0,0.0
17067,0.0,0.0,0.0,0.0
17069,0.0,0.0,0.0,0.0
17071,0.0,0.0,0.0,0.0
17073,1402.0,32.0,2.0,0.0
17075,1014.0,60.0,12.0,0.0
17077,1677.0,80.0,20.0,13.0
17079,0.0,0.0,0.0,0.0
17081,1347.0,49.0,4.0,11.0
17083,815.0,12.0,2.0,13.0
17085,850.0,43.0,6.0,0.0
17087,0.0,0.0,0.0,0.0
17089,23884.0,2256.0,456.0,339.0
17091,5556.0,254.0,77.0,50.0
17093,4299.0,277.0,64.0,0.0
17095,1965.0,82.0,12.0,52.0
17097,27628.0,2790.0,597.0,456.0
17099,4165.0,138.0,20.0,84.0
17101,0.0,0.0,0.0,0.0
17103,1337.0,16.0,1.0,0.0
17105,1030.0,28.0,8.0,0.0
17107,808.0,28.0,2.0,0.0
17109,943.0,46.0,5.0,0.0
17111,10344.0,943.0,190.0,110.0
17113,5869.0,202.0,24.0,14.0
17115,4906.0,225.0,26.0,85.0
17117,1291.0,20.0,7.0,0.0
17119,9981.0,453.0,91.0,181.0
17121,1362.0,52.0,4.0,13.0
17123,0.0,0.0,0.0,0.0
17125,0.0,0.0,0.0,0.0
17127,0.0,0.0,0.0,0.0
17129,0.0,0.0,0.0,0.0
17131,0.0,0.0,0.0,0.0
17133,1402.0,59.0,10.0,12.0
17135,1076.0,53.0,7.0,0.0
17137,1488.0,50.0,14.0,0.0
17139,0.0,0.0,0.0,0.0
17141,1793.0,93.0,4.0,0.0
17143,6325.0,442.0,50.0,78.0
17145,582.0,28.0,3.0,0.0
17147,0.0,0.0,0.0,0.0
17149,0.0,0.0,0.0,0.0
17151,0.0,0.0,0.0,0.0
17153,0.0,0.0,0.0,0.0
17155,0.0,0.0,0.0,0.0
17157,1653.0,33.0,11.0,0.0
17159,0.0,0.0,0.0,0.0
17161,6079.0,209.0,61.0,39.0
17163,9692.0,641.0,158.0,88.0
17165,792.0,20.0,3.0,0.0
17167,6747.0,353.0,41.0,66.0
17169,0.0,0.0,0.0,0.0
17171,0.0,0.0,0.0,0.0
17173,873.0,38.0,0.0,14.0
17175,0.0,0.0,0.0,0.0
17177,1717.0,67.0,16.0,0.0
17179,4054.0,151.0,18.0,46.0
17181,0.0,0.0,0.0,0.0
17183,2514.0,80.0,5.0,23.0
17185,0.0,0.0,0.0,0.0
17187,0.0,0.0,0.0,0.0
17189,0.0,0.0,0.0,0.0
17191,0.0,0.0,0.0,0.0
17193,0.0,0.0,0.0,0.0
17195,2772.0,88.0,11.0,67.0
17197,28105.0,2242.0,374.0,415.0
17199,2529.0,96.0,7.0,48.0
17201,14729.0,570.0,133.0,215.0
17203,959.0,23.0,2.0,0.0
18001,536.0,3.0,0.0,0.0
18003,6688.0,278.0,0.0,82.0
18005,957.0,52.0,0.0,0.0
18007,0.0,0.0,0.0,0.0
18009,0.0,0.0,0.0,0.0
18011,1583.0,25.0,0.0,38.0
18013,0.0,0.0,0.0,0.0
18015,583.0,3.0,0.0,0.0
18017,1967.0,5.0,0.0,0.0
18019,2203.0,67.0,0.0,25.0
18021,338.0,4.0,0.0,0.0
18023,728.0,7.0,0.0,0.0
18025,0.0,0.0,0.0,0.0
18027,421.0,29.0,0.0,0.0
18029,749.0,15.0,0.0,11.0
18031,419.0,9.0,0.0,0.0
18033,671.0,3.0,0.0,0.0
18035,2308.0,70.0,0.0,0.0
18037,1357.0,11.0,0.0,0.0
18039,5053.0,60.0,0.0,14.0
18041,562.0,3.0,0.0,0.0
18043,1284.0,75.0,0.0,12.0
18045,0.0,0.0,0.0,0.0
18047,292.0,17.0,0.0,12.0
18049,0.0,0.0,0.0,0.0
18051,504.0,3.0,0.0,0.0
18053,1180.0,63.0,0.0,0.0
18055,669.0,5.0,0.0,0.0
18057,4785.0,130.0,2.0,81.0
18059,1185.0,37.0,0.0,0.0
18061,663.0,27.0,0.0,0.0
18063,2733.0,90.0,1.0,43.0
18065,948.0,4.0,0.0,0.0
18067,1124.0,22.0,1.0,0.0
18069,443.0,2.0,0.0,0.0
18071,890.0,12.0,0.0,0.0
18073,383.0,6.0,0.0,0.0
18075,300.0,13.0,0.0,0.0
18077,283.0,0.0,0.0,0.0
18079,280.0,15.0,1.0,0.0
18081,2450.0,35.0,0.0,72.0
18083,561.0,23.0,0.0,0.0
18085,1439.0,9.0,0.0,0.0
18087,565.0,21.0,0.0,0.0
18089,7653.0,470.0,1.0,45.0
18091,476.0,18.0,0.0,0.0
18093,944.0,19.0,0.0,22.0
18095,1708.0,47.0,0.0,54.0
18097,14470.0,555.0,4.0,387.0
18099,639.0,3.0,0.0,0.0
18101,0.0,0.0,0.0,0.0
18103,510.0,17.0,0.0,0.0
18105,1643.0,12.0,0.0,12.0
18107,383.0,16.0,0.0,0.0
18109,482.0,22.0,0.0,0.0
18111,0.0,0.0,0.0,0.0
18113,1034.0,8.0,0.0,0.0
18115,0.0,0.0,0.0,0.0
18117,0.0,0.0,0.0,0.0
18119,0.0,0.0,0.0,0.0
18121,0.0,0.0,0.0,0.0
18123,0.0,0.0,0.0,0.0
18125,0.0,0.0,0.0,0.0
18127,2540.0,45.0,0.0,16.0
18129,0.0,0.0,0.0,0.0
18131,0.0,0.0,0.0,0.0
18133,400.0,2.0,0.0,0.0
18135,342.0,2.0,0.0,0.0
18137,389.0,6.0,0.0,0.0
18139,0.0,0.0,0.0,0.0
18141,2565.0,72.0,0.0,11.0
18143,373.0,8.0,0.0,0.0
18145,655.0,36.0,0.0,0.0
18147,267.0,2.0,0.0,0.0
18149,270.0,2.0,0.0,0.0
18151,367.0,16.0,0.0,0.0
18153,242.0,0.0,0.0,0.0
18155,0.0,0.0,0.0,0.0
18157,2028.0,37.0,0.0,0.0
18159,0.0,0.0,0.0,0.0
18161,0.0,0.0,0.0,0.0
18163,1517.0,32.0,0.0,35.0
18165,0.0,0.0,0.0,0.0
18167,1853.0,53.0,0.0,13.0
18169,389.0,5.0,0.0,0.0
18171,0.0,0.0,0.0,0.0
18173,461.0,15.0,0.0,0.0
18175,241.0,5.0,0.0,0.0
18177,1039.0,7.0,0.0,0.0
18179,377.0,5.0,0.0,0.0
18181,354.0,7.0,0.0,0.0
18183,384.0,2.0,0.0,0.0
19001,0.0,0.0,0.0,0.0
19003,0.0,0.0,0.0,0.0
19005,0.0,0.0,0.0,0.0
19007,0.0,0.0,0.0,0.0
19009,0.0,0.0,0.0,0.0
19011,1389.0,34.0,8.0,0.0
19013,10302.0,296.0,70.0,28.0
19015,1402.0,29.0,4.0,0.0
19017,1539.0,14.0,2.0,0.0
19019,1057.0,22.0,2.0,0.0
19021,0.0,0.0,0.0,0.0
19023,0.0,0.0,0.0,0.0
19025,0.0,0.0,0.0,0.0
19027,1850.0,54.0,7.0,0.0
19029,0.0,0.0,0.0,0.0
19031,0.0,0.0,0.0,0.0
19033,3128.0,46.0,5.0,0.0
19035,0.0,0.0,0.0,0.0
19037,0.0,0.0,0.0,0.0
19039,0.0,0.0,0.0,0.0
19041,0.0,0.0,0.0,0.0
19043,0.0,0.0,0.0,0.0
19045,2979.0,61.0,15.0,0.0
19047,0.0,0.0,0.0,0.0
19049,6387.0,92.0,31.0,25.0
19051,0.0,0.0,0.0,0.0
19053,0.0,0.0,0.0,0.0
19055,0.0,0.0,0.0,0.0
19057,2609.0,81.0,15.0,0.0
19059,0.0,0.0,0.0,0.0
19061,9099.0,145.0,37.0,0.0
19063,0.0,0.0,0.0,0.0
19065,0.0,0.0,0.0,0.0
19067,0.0,0.0,0.0,0.0
19069,0.0,0.0,0.0,0.0
19071,0.0,0.0,0.0,0.0
19073,0.0,0.0,0.0,0.0
19075,0.0,0.0,0.0,0.0
19077,0.0,0.0,0.0,0.0
19079,0.0,0.0,0.0,0.0
19081,0.0,0.0,0.0,0.0
19083,0.0,0.0,0.0,0.0
19085,0.0,0.0,0.0,0.0
19087,0.0,0.0,0.0,0.0
19089,0.0,0.0,0.0,0.0
19091,0.0,0.0,0.0,0.0
19093,0.0,0.0,0.0,0.0
19095,0.0,0.0,0.0,0.0
19097,0.0,0.0,0.0,0.0
19099,2223.0,48.0,26.0,0.0
19101,0.0,0.0,0.0,0.0
19103,9266.0,144.0,47.0,0.0
19105,1337.0,33.0,9.0,0.0
19107,0.0,0.0,0.0,0.0
19109,0.0,0.0,0.0,0.0
19111,2058.0,33.0,10.0,0.0
19113,11737.0,458.0,104.0,58.0
19115,0.0,0.0,0.0,0.0
19117,0.0,0.0,0.0,0.0
19119,0.0,0.0,0.0,0.0
19121,0.0,0.0,0.0,0.0
19123,1343.0,60.0,6.0,0.0
19125,1947.0,62.0,18.0,0.0
19127,3257.0,78.0,29.0,0.0
19129,0.0,0.0,0.0,0.0
19131,0.0,0.0,0.0,0.0
19133,0.0,0.0,0.0,0.0
19135,0.0,0.0,0.0,0.0
19137,0.0,0.0,0.0,0.0
19139,2624.0,128.0,37.0,29.0
19141,0.0,0.0,0.0,0.0
19143,0.0,0.0,0.0,0.0
19145,0.0,0.0,0.0,0.0
19147,0.0,0.0,0.0,0.0
19149,2625.0,58.0,17.0,0.0
19151,0.0,0.0,0.0,0.0
19153,33880.0,500.0,157.0,144.0
19155,6080.0,236.0,48.0,11.0
19157,0.0,0.0,0.0,0.0
19159,0.0,0.0,0.0,0.0
19161,0.0,0.0,0.0,0.0
19163,10100.0,310.0,50.0,17.0
19165,0.0,0.0,0.0,0.0
19167,3612.0,77.0,15.0,0.0
19169,6894.0,61.0,13.0,0.0
19171,0.0,0.0,0.0,0.0
19173,0.0,0.0,0.0,0.0
19175,0.0,0.0,0.0,0.0
19177,0.0,0.0,0.0,0.0
19179,2455.0,147.0,43.0,30.0
19181,2962.0,48.0,9.0,0.0
19183,1320.0,73.0,9.0,0.0
19185,0.0,0.0,0.0,0.0
19187,3410.0,58.0,14.0,0.0
19189,0.0,0.0,0.0,0.0
19191,0.0,0.0,0.0,0.0
19193,10829.0,589.0,165.0,0.0
19195,0.0,0.0,0.0,0.0
19197,0.0,0.0,0.0,0.0
20001,0.0,0.0,0.0,0.0
20003,0.0,0.0,0.0,0.0
20005,0.0,0.0,0.0,0.0
20007,0.0,0.0,0.0,0.0
20009,801.0,55.0,11.0,0.0
20011,0.0,0.0,0.0,0.0
20013,0.0,0.0,0.0,0.0
20015,1541.0,61.0,19.0,0.0
20017,0.0,0.0,0.0,0.0
20019,0.0,0.0,0.0,0.0
20021,0.0,0.0,0.0,0.0
20023,0.0,0.0,0.0,0.0
20025,0.0,0.0,0.0,0.0
20027,0.0,0.0,0.0,0.0
20029,0.0,0.0,0.0,0.0
20031,0.0,0.0,0.0,0.0
20033,0.0,0.0,0.0,0.0
20035,555.0,48.0,6.0,0.0
20037,1581.0,94.0,32.0,0.0
20039,0.0,0.0,0.0,0.0
20041,0.0,0.0,0.0,0.0
20043,0.0,0.0,0.0,0.0
20045,2953.0,141.0,24.0,0.0
20047,0.0,0.0,0.0,0.0
20049,0.0,0.0,0.0,0.0
20051,1472.0,64.0,6.0,11.0
20053,0.0,0.0,0.0,0.0
20055,2776.0,106.0,16.0,0.0
20057,3667.0,199.0,41.0,0.0
20059,589.0,40.0,0.0,0.0
20061,547.0,17.0,1.0,0.0
20063,0.0,0.0,0.0,0.0
20065,0.0,0.0,0.0,0.0
20067,0.0,0.0,0.0,0.0
20069,0.0,0.0,0.0,0.0
20071,0.0,0.0,0.0,0.0
20073,0.0,0.0,0.0,0.0
20075,0.0,0.0,0.0,0.0
20077,0.0,0.0,0.0,0.0
20079,796.0,50.0,13.0,0.0
20081,0.0,0.0,0.0,0.0
20083,0.0,0.0,0.0,0.0
20085,0.0,0.0,0.0,0.0
20087,0.0,0.0,0.0,0.0
20089,0.0,0.0,0.0,0.0
20091,16613.0,934.0,166.0,165.0
20093,0.0,0.0,0.0,0.0
20095,0.0,0.0,0.0,0.0
20097,0.0,0.0,0.0,0.0
20099,0.0,0.0,0.0,0.0
20101,0.0,0.0,0.0,0.0
20103,2632.0,123.0,45.0,0.0
20105,0.0,0.0,0.0,0.0
20107,0.0,0.0,0.0,0.0
20109,0.0,0.0,0.0,0.0
20111,1411.0,122.0,23.0,0.0
20113,540.0,50.0,23.0,0.0
20115,0.0,0.0,0.0,0.0
20117,0.0,0.0,0.0,0.0
20119,0.0,0.0,0.0,0.0
20121,618.0,51.0,6.0,0.0
20123,0.0,0.0,0.0,0.0
20125,718.0,34.0,5.0,0.0
20127,0.0,0.0,0.0,0.0
20129,0.0,0.0,0.0,0.0
20131,0.0,0.0,0.0,0.0
20133,0.0,0.0,0.0,0.0
20135,0.0,0.0,0.0,0.0
20137,0.0,0.0,0.0,0.0
20139,0.0,0.0,0.0,0.0
20141,0.0,0.0,0.0,0.0
20143,0.0,0.0,0.0,0.0
20145,0.0,0.0,0.0,0.0
20147,0.0,0.0,0.0,0.0
20149,420.0,27.0,2.0,0.0
20151,0.0,0.0,0.0,0.0
20153,0.0,0.0,0.0,0.0
20155,2177.0,132.0,50.0,13.0
20157,0.0,0.0,0.0,0.0
20159,0.0,0.0,0.0,0.0
20161,1797.0,66.0,9.0,0.0
20163,0.0,0.0,0.0,0.0
20165,0.0,0.0,0.0,0.0
20167,0.0,0.0,0.0,0.0
20169,1282.0,77.0,39.0,0.0
20171,0.0,0.0,0.0,0.0
20173,14637.0,1032.0,193.0,75.0
20175,2060.0,198.0,45.0,0.0
20177,3984.0,339.0,88.0,50.0
20179,0.0,0.0,0.0,0.0
20181,0.0,0.0,0.0,0.0
20183,0.0,0.0,0.0,0.0
20185,0.0,0.0,0.0,0.0
20187,0.0,0.0,0.0,0.0
20189,0.0,0.0,0.0,0.0
20191,374.0,32.0,7.0,0.0
20193,0.0,0.0,0.0,0.0
20195,0.0,0.0,0.0,0.0
20197,0.0,0.0,0.0,0.0
20199,0.0,0.0,0.0,0.0
20201,0.0,0.0,0.0,0.0
20203,0.0,0.0,0.0,0.0
20205,0.0,0.0,0.0,0.0
20207,0.0,0.0,0.0,0.0
20209,9100.0,781.0,138.0,23.0
21001,0.0,0.0,0.0,0.0
21003,762.0,74.0,0.0,0.0
21005,468.0,17.0,0.0,0.0
21007,0.0,0.0,0.0,0.0
21009,755.0,38.0,0.0,0.0
21011,0.0,0.0,0.0,0.0
21013,803.0,52.0,0.0,0.0
21015,0.0,0.0,0.0,0.0
21017,0.0,0.0,0.0,0.0
21019,737.0,44.0,0.0,0.0
21021,389.0,24.0,0.0,0.0
21023,0.0,0.0,0.0,0.0
21025,0.0,0.0,0.0,0.0
21027,0.0,0.0,0.0,0.0
21029,1656.0,79.0,0.0,0.0
21031,0.0,0.0,0.0,0.0
21033,0.0,0.0,0.0,0.0
21035,1069.0,35.0,0.0,0.0
21037,0.0,0.0,0.0,0.0
21039,0.0,0.0,0.0,0.0
21041,0.0,0.0,0.0,0.0
21043,355.0,20.0,1.0,0.0
21045,0.0,0.0,0.0,0.0
21047,0.0,0.0,0.0,0.0
21049,414.0,24.0,0.0,0.0
21051,0.0,0.0,0.0,0.0
21053,0.0,0.0,0.0,0.0
21055,0.0,0.0,0.0,0.0
21057,0.0,0.0,0.0,0.0
21059,1788.0,62.0,0.0,0.0
21061,0.0,0.0,0.0,0.0
21063,0.0,0.0,0.0,0.0
21065,0.0,0.0,0.0,0.0
21067,7633.0,343.0,0.0,27.0
21069,0.0,0.0,0.0,0.0
21071,467.0,27.0,0.0,0.0
21073,910.0,45.0,0.0,0.0
21075,0.0,0.0,0.0,0.0
21077,0.0,0.0,0.0,0.0
21079,0.0,0.0,0.0,0.0
21081,0.0,0.0,0.0,0.0
21083,977.0,138.0,0.0,0.0
21085,589.0,63.0,0.0,0.0
21087,0.0,0.0,0.0,0.0
21089,0.0,0.0,0.0,0.0
21091,0.0,0.0,0.0,0.0
21093,2261.0,139.0,0.0,0.0
21095,575.0,22.0,0.0,0.0
21097,0.0,0.0,0.0,0.0
21099,0.0,0.0,0.0,0.0
21101,1117.0,34.0,0.0,0.0
21103,0.0,0.0,0.0,0.0
21105,0.0,0.0,0.0,0.0
21107,1102.0,126.0,1.0,11.0
21109,0.0,0.0,0.0,0.0
21111,3040.0,478.0,1.0,47.0
21113,998.0,58.0,0.0,26.0
21115,0.0,0.0,0.0,0.0
21117,0.0,0.0,0.0,0.0
21119,0.0,0.0,0.0,0.0
21121,930.0,37.0,1.0,0.0
21123,0.0,0.0,0.0,0.0
21125,1617.0,111.0,0.0,0.0
21127,0.0,0.0,0.0,0.0
21129,0.0,0.0,0.0,0.0
21131,0.0,0.0,0.0,0.0
21133,317.0,13.0,0.0,0.0
21135,0.0,0.0,0.0,0.0
21137,206.0,12.0,0.0,0.0
21139,0.0,0.0,0.0,0.0
21141,0.0,0.0,0.0,0.0
21143,0.0,0.0,0.0,0.0
21145,979.0,68.0,0.0,0.0
21147,0.0,0.0,0.0,0.0
21149,0.0,0.0,0.0,0.0
21151,2301.0,63.0,0.0,0.0
21153,0.0,0.0,0.0,0.0
21155,0.0,0.0,0.0,0.0
21157,523.0,36.0,0.0,0.0
21159,0.0,0.0,0.0,0.0
21161,0.0,0.0,0.0,0.0
21163,458.0,34.0,0.0,0.0
21165,0.0,0.0,0.0,0.0
21167,244.0,17.0,0.0,0.0
21169,0.0,0.0,0.0,0.0
21171,0.0,0.0,0.0,0.0
21173,595.0,26.0,1.0,0.0
21175,0.0,0.0,0.0,0.0
21177,661.0,20.0,0.0,0.0
21179,1134.0,49.0,0.0,0.0
21181,0.0,0.0,0.0,0.0
21183,557.0,20.0,0.0,0.0
21185,1223.0,59.0,0.0,0.0
21187,0.0,0.0,0.0,0.0
21189,0.0,0.0,0.0,0.0
21191,0.0,0.0,0.0,0.0
21193,565.0,42.0,0.0,0.0
21195,862.0,37.0,0.0,0.0
21197,0.0,0.0,0.0,0.0
21199,1121.0,44.0,0.0,0.0
21201,0.0,0.0,0.0,0.0
21203,0.0,0.0,0.0,0.0
21205,378.0,11.0,0.0,0.0
21207,0.0,0.0,0.0,0.0
21209,975.0,22.0,0.0,0.0
21211,848.0,66.0,0.0,0.0
21213,0.0,0.0,0.0,0.0
21215,0.0,0.0,0.0,0.0
21217,588.0,18.0,0.0,0.0
21219,0.0,0.0,0.0,0.0
21221,0.0,0.0,0.0,0.0
21223,0.0,0.0,0.0,0.0
21225,0.0,0.0,0.0,0.0
21227,1314.0,132.0,1.0,11.0
21229,0.0,0.0,0.0,0.0
21231,319.0,13.0,0.0,0.0
21233,0.0,0.0,0.0,0.0
21235,900.0,59.0,0.0,0.0
21237,0.0,0.0,0.0,0.0
21239,452.0,25.0,0.0,0.0
22001,0.0,0.0,0.0,0.0
22003,0.0,0.0,0.0,0.0
22005,0.0,0.0,0.0,0.0
22007,0.0,0.0,0.0,0.0
22009,0.0,0.0,0.0,0.0
22011,0.0,0.0,0.0,0.0
22013,0.0,0.0,0.0,0.0
22015,0.0,0.0,0.0,0.0
22017,1813.0,166.0,53.0,0.0
22019,0.0,0.0,0.0,0.0
22021,0.0,0.0,0.0,0.0
22023,0.0,0.0,0.0,0.0
22025,0.0,0.0,0.0,0.0
22027,0.0,0.0,0.0,0.0
22029,0.0,0.0,0.0,0.0
22031,0.0,0.0,0.0,0.0
22033,1438.0,84.0,26.0,0.0
22035,0.0,0.0,0.0,0.0
22037,0.0,0.0,0.0,0.0
22039,0.0,0.0,0.0,0.0
22041,0.0,0.0,0.0,0.0
22043,0.0,0.0,0.0,0.0
22045,0.0,0.0,0.0,0.0
22047,0.0,0.0,0.0,0.0
22049,0.0,0.0,0.0,0.0
22051,1547.0,216.0,68.0,29.0
22053,0.0,0.0,0.0,0.0
22055,0.0,0.0,0.0,0.0
22057,0.0,0.0,0.0,0.0
22059,0.0,0.0,0.0,0.0
22061,0.0,0.0,0.0,0.0
22063,0.0,0.0,0.0,0.0
22065,0.0,0.0,0.0,0.0
22067,0.0,0.0,0.0,0.0
22069,0.0,0.0,0.0,0.0
22071,1932.0,450.0,186.0,66.0
22073,0.0,0.0,0.0,0.0
22075,0.0,0.0,0.0,0.0
22077,0.0,0.0,0.0,0.0
22079,0.0,0.0,0.0,0.0
22081,0.0,0.0,0.0,0.0
22083,0.0,0.0,0.0,0.0
22085,0.0,0.0,0.0,0.0
22087,0.0,0.0,0.0,0.0
22089,0.0,0.0,0.0,0.0
22091,0.0,0.0,0.0,0.0
22093,0.0,0.0,0.0,0.0
22095,0.0,0.0,0.0,0.0
22097,0.0,0.0,0.0,0.0
22099,0.0,0.0,0.0,0.0
22101,0.0,0.0,0.0,0.0
22103,0.0,0.0,0.0,0.0
22105,0.0,0.0,0.0,0.0
22107,0.0,0.0,0.0,0.0
22109,0.0,0.0,0.0,0.0
22111,0.0,0.0,0.0,0.0
22113,0.0,0.0,0.0,0.0
22115,0.0,0.0,0.0,0.0
22117,0.0,0.0,0.0,0.0
22119,0.0,0.0,0.0,0.0
22121,0.0,0.0,0.0,0.0
22123,0.0,0.0,0.0,0.0
22125,0.0,0.0,0.0,0.0
22127,0.0,0.0,0.0,0.0
23001,896.0,63.0,0.0,0.0
23003,31.0,3.0,0.0,0.0
23005,2729.0,206.0,0.0,15.0
23007,62.0,3.0,0.0,0.0
23009,62.0,3.0,0.0,0.0
23011,407.0,37.0,0.0,0.0
23013,0.0,0.0,0.0,0.0
23015,0.0,0.0,0.0,0.0
23017,170.0,4.0,0.0,0.0
23019,319.0,27.0,0.0,0.0
23021,0.0,0.0,0.0,0.0
23023,49.0,8.0,0.0,0.0
23025,223.0,18.0,0.0,0.0
23027,0.0,0.0,0.0,0.0
23029,0.0,0.0,0.0,0.0
23031,1476.0,108.0,0.0,0.0
24001,883.0,0.0,0.0,0.0
24003,6494.0,0.0,0.0,0.0
24005,16899.0,0.0,0.0,0.0
24009,1236.0,0.0,0.0,0.0
24011,541.0,0.0,0.0,0.0
24013,2125.0,0.0,0.0,0.0
24015,1279.0,0.0,0.0,0.0
24017,1027.0,0.0,0.0,0.0
24019,0.0,0.0,0.0,0.0
24021,4612.0,0.0,0.0,0.0
24023,0.0,0.0,0.0,0.0
24025,3243.0,0.0,0.0,0.0
24027,3442.0,0.0,0.0,0.0
24029,0.0,0.0,0.0,0.0
24031,22908.0,0.0,0.0,0.0
24033,26382.0,0.0,0.0,0.0
24035,818.0,0.0,0.0,0.0
24037,1257.0,0.0,0.0,0.0
24039,406.0,0.0,0.0,0.0
24041,0.0,0.0,0.0,0.0
24043,2277.0,0.0,0.0,0.0
24045,1253.0,0.0,0.0,0.0
24047,1156.0,0.0,0.0,0.0
24510,15953.0,0.0,0.0,0.0
25001,2461.0,229.0,30.0,169.0
25003,874.0,98.0,27.0,29.0
25005,13859.0,1125.0,105.0,782.0
25007,0.0,0.0,0.0,0.0
25009,25986.0,1733.0,205.0,1358.0
25011,529.0,72.0,21.0,56.0
25013,10924.0,1041.0,132.0,781.0
25015,1704.0,131.0,25.0,114.0
25017,36438.0,3027.0,388.0,2403.0
25019,0.0,0.0,0.0,0.0
25021,14232.0,1325.0,143.0,1031.0
25023,12683.0,996.0,82.0,796.0
25025,30554.0,2686.0,522.0,1154.0
25027,18625.0,1154.0,158.0,1216.0
26001,0.0,0.0,0.0,0.0
26003,0.0,0.0,0.0,0.0
26005,1555.0,81.0,0.0,0.0
26007,172.0,9.0,0.0,0.0
26009,159.0,5.0,0.0,0.0
26011,0.0,0.0,0.0,0.0
26013,0.0,0.0,0.0,0.0
26015,792.0,36.0,0.0,0.0
26017,1588.0,187.0,0.0,0.0
26019,0.0,0.0,0.0,0.0
26021,3129.0,304.0,0.0,24.0
26023,1705.0,91.0,0.0,0.0
26025,2988.0,222.0,0.0,17.0
26027,1057.0,49.0,0.0,0.0
26029,221.0,6.0,0.0,0.0
26031,169.0,14.0,0.0,0.0
26033,138.0,8.0,0.0,0.0
26035,294.0,32.0,0.0,0.0
26037,1238.0,53.0,0.0,0.0
26039,0.0,0.0,0.0,0.0
26041,1213.0,63.0,0.0,38.0
26043,744.0,12.0,0.0,0.0
26045,1351.0,127.0,0.0,0.0
26047,392.0,15.0,0.0,0.0
26049,5635.0,1023.0,0.0,187.0
26051,234.0,26.0,0.0,0.0
26053,0.0,0.0,0.0,0.0
26055,930.0,46.0,0.0,0.0
26057,505.0,39.0,0.0,0.0
26059,574.0,46.0,0.0,0.0
26061,865.0,31.0,0.0,0.0
26063,290.0,39.0,0.0,0.0
26065,4173.0,222.0,0.0,12.0
26067,1201.0,50.0,0.0,0.0
26069,294.0,18.0,0.0,0.0
26071,0.0,0.0,0.0,0.0
26073,1202.0,38.0,0.0,0.0
26075,2813.0,180.0,0.0,42.0
26077,4481.0,257.0,0.0,45.0
26079,0.0,0.0,0.0,0.0
26081,15968.0,746.0,0.0,65.0
26083,0.0,0.0,0.0,0.0
26085,0.0,0.0,0.0,0.0
26087,1224.0,118.0,0.0,0.0
26089,0.0,0.0,0.0,0.0
26091,1809.0,83.0,0.0,0.0
26093,2396.0,154.0,0.0,0.0
26095,0.0,0.0,0.0,0.0
26097,0.0,0.0,0.0,0.0
26099,3665.0,1436.0,0.0,507.0
26101,0.0,0.0,0.0,0.0
26103,1784.0,38.0,0.0,0.0
26105,279.0,20.0,0.0,0.0
26107,599.0,21.0,0.0,0.0
26109,660.0,32.0,0.0,0.0
26111,1238.0,76.0,0.0,0.0
26113,0.0,0.0,0.0,0.0
26115,2174.0,220.0,0.0,16.0
26117,710.0,52.0,0.0,0.0
26119,0.0,0.0,0.0,0.0
26121,1707.0,54.0,0.0,0.0
26123,723.0,64.0,0.0,0.0
26125,3661.0,1754.0,0.0,933.0
26127,682.0,49.0,0.0,0.0
26129,126.0,13.0,0.0,0.0
26131,0.0,0.0,0.0,0.0
26133,200.0,18.0,0.0,0.0
26135,0.0,0.0,0.0,0.0
26137,320.0,23.0,0.0,0.0
26139,5909.0,266.0,0.0,56.0
26141,0.0,0.0,0.0,0.0
26143,191.0,14.0,0.0,0.0
26145,4006.0,394.0,0.0,61.0
26147,1624.0,205.0,0.0,11.0
26149,1274.0,52.0,0.0,0.0
26151,233.0,24.0,0.0,0.0
26153,0.0,0.0,0.0,0.0
26155,835.0,65.0,0.0,0.0
26157,766.0,89.0,0.0,0.0
26159,1245.0,67.0,0.0,0.0
26161,5812.0,519.0,0.0,52.0
26163,18824.0,3066.0,0.0,975.0
26165,197.0,11.0,0.0,0.0
27001,0.0,0.0,0.0,0.0
27003,11407.0,862.0,189.0,127.0
27005,829.0,52.0,17.0,0.0
27007,1123.0,60.0,22.0,0.0
27009,1392.0,78.0,15.0,18.0
27011,0.0,0.0,0.0,0.0
27013,2304.0,88.0,14.0,0.0
27015,477.0,19.0,1.0,0.0
27017,700.0,36.0,11.0,0.0
27019,2186.0,89.0,17.0,0.0
27021,587.0,45.0,11.0,0.0
27023,0.0,0.0,0.0,0.0
27025,1529.0,61.0,16.0,0.0
27027,3011.0,133.0,55.0,0.0
27029,0.0,0.0,0.0,0.0
27031,0.0,0.0,0.0,0.0
27033,0.0,0.0,0.0,0.0
27035,1640.0,85.0,44.0,0.0
27037,11719.0,821.0,222.0,93.0
27039,442.0,13.0,1.0,0.0
27041,1026.0,40.0,9.0,16.0
27043,0.0,0.0,0.0,0.0
27045,313.0,18.0,3.0,0.0
27047,806.0,55.0,21.0,0.0
27049,827.0,46.0,14.0,0.0
27051,0.0,0.0,0.0,0.0
27053,40351.0,3585.0,887.0,915.0
27055,0.0,0.0,0.0,0.0
27057,570.0,39.0,12.0,0.0
27059,758.0,45.0,10.0,0.0
27061,953.0,76.0,19.0,0.0
27063,0.0,0.0,0.0,0.0
27065,0.0,0.0,0.0,0.0
27067,2031.0,107.0,24.0,0.0
27069,0.0,0.0,0.0,0.0
27071,0.0,0.0,0.0,0.0
27073,0.0,0.0,0.0,0.0
27075,0.0,0.0,0.0,0.0
27077,0.0,0.0,0.0,0.0
27079,747.0,45.0,12.0,0.0
27081,0.0,0.0,0.0,0.0
27083,1079.0,33.0,7.0,0.0
27085,721.0,33.0,10.0,0.0
27087,0.0,0.0,0.0,0.0
27089,0.0,0.0,0.0,0.0
27091,0.0,0.0,0.0,0.0
27093,439.0,23.0,6.0,0.0
27095,635.0,52.0,18.0,19.0
27097,1101.0,60.0,21.0,0.0
27099,1615.0,80.0,31.0,0.0
27101,0.0,0.0,0.0,0.0
27103,876.0,38.0,10.0,0.0
27105,2527.0,132.0,22.0,0.0
27107,0.0,0.0,0.0,0.0
27109,3818.0,219.0,56.0,0.0
27111,1217.0,69.0,17.0,0.0
27113,0.0,0.0,0.0,0.0
27115,712.0,32.0,7.0,0.0
27117,0.0,0.0,0.0,0.0
27119,1280.0,46.0,11.0,0.0
27121,0.0,0.0,0.0,0.0
27123,16721.0,1730.0,480.0,266.0
27125,0.0,0.0,0.0,0.0
27127,0.0,0.0,0.0,0.0
27129,0.0,0.0,0.0,0.0
27131,1959.0,94.0,25.0,12.0
27133,0.0,0.0,0.0,0.0
27135,0.0,0.0,0.0,0.0
27137,3877.0,233.0,58.0,70.0
27139,4313.0,253.0,52.0,0.0
27141,2383.0,133.0,43.0,0.0
27143,0.0,0.0,0.0,0.0
27145,7499.0,375.0,92.0,45.0
27147,892.0,35.0,7.0,0.0
27149,0.0,0.0,0.0,0.0
27151,0.0,0.0,0.0,0.0
27153,1095.0,60.0,17.0,0.0
27155,0.0,0.0,0.0,0.0
27157,455.0,28.0,3.0,0.0
27159,0.0,0.0,0.0,0.0
27161,0.0,0.0,0.0,0.0
27163,7780.0,440.0,124.0,38.0
27165,0.0,0.0,0.0,0.0
27167,0.0,0.0,0.0,0.0
27169,1525.0,19.0,9.0,0.0
27171,3473.0,184.0,33.0,0.0
27173,0.0,0.0,0.0,0.0
28001,0.0,0.0,0.0,0.0
28003,0.0,0.0,0.0,0.0
28005,0.0,0.0,0.0,0.0
28007,0.0,0.0,0.0,0.0
28009,0.0,0.0,0.0,0.0
28011,0.0,0.0,0.0,0.0
28013,0.0,0.0,0.0,0.0
28015,0.0,0.0,0.0,0.0
28017,0.0,0.0,0.0,0.0
28019,0.0,0.0,0.0,0.0
28021,0.0,0.0,0.0,0.0
28023,0.0,0.0,0.0,0.0
28025,0.0,0.0,0.0,0.0
28027,0.0,0.0,0.0,0.0
28029,0.0,0.0,0.0,0.0
28031,0.0,0.0,0.0,0.0
28033,1926.0,138.0,1.0,0.0
28035,1034.0,122.0,0.0,0.0
28037,0.0,0.0,0.0,0.0
28039,0.0,0.0,0.0,0.0
28041,0.0,0.0,0.0,0.0
28043,0.0,0.0,0.0,0.0
28045,0.0,0.0,0.0,0.0
28047,2975.0,109.0,1.0,0.0
28049,3591.0,428.0,1.0,13.0
28051,0.0,0.0,0.0,0.0
28053,0.0,0.0,0.0,0.0
28055,0.0,0.0,0.0,0.0
28057,0.0,0.0,0.0,0.0
28059,2400.0,116.0,0.0,0.0
28061,0.0,0.0,0.0,0.0
28063,0.0,0.0,0.0,0.0
28065,0.0,0.0,0.0,0.0
28067,1309.0,153.0,0.0,0.0
28069,0.0,0.0,0.0,0.0
28071,0.0,0.0,0.0,0.0
28073,0.0,0.0,0.0,0.0
28075,1140.0,188.0,1.0,0.0
28077,0.0,0.0,0.0,0.0
28079,0.0,0.0,0.0,0.0
28081,0.0,0.0,0.0,0.0
28083,0.0,0.0,0.0,0.0
28085,0.0,0.0,0.0,0.0
28087,0.0,0.0,0.0,0.0
28089,1729.0,171.0,0.0,15.0
28091,0.0,0.0,0.0,0.0
28093,0.0,0.0,0.0,0.0
28095,0.0,0.0,0.0,0.0
28097,0.0,0.0,0.0,0.0
28099,1058.0,117.0,0.0,0.0
28101,0.0,0.0,0.0,0.0
28103,0.0,0.0,0.0,0.0
28105,0.0,0.0,0.0,0.0
28107,0.0,0.0,0.0,0.0
28109,0.0,0.0,0.0,0.0
28111,0.0,0.0,0.0,0.0
28113,0.0,0.0,0.0,0.0
28115,0.0,0.0,0.0,0.0
28117,0.0,0.0,0.0,0.0
28119,0.0,0.0,0.0,0.0
28121,1484.0,153.0,0.0,0.0
28123,0.0,0.0,0.0,0.0
28125,0.0,0.0,0.0,0.0
28127,0.0,0.0,0.0,0.0
28129,0.0,0.0,0.0,0.0
28131,0.0,0.0,0.0,0.0
28133,0.0,0.0,0.0,0.0
28135,0.0,0.0,0.0,0.0
28137,0.0,0.0,0.0,0.0
28139,0.0,0.0,0.0,0.0
28141,0.0,0.0,0.0,0.0
28143,0.0,0.0,0.0,0.0
28145,0.0,0.0,0.0,0.0
28147,0.0,0.0,0.0,0.0
28149,0.0,0.0,0.0,0.0
28151,1384.0,151.0,0.0,0.0
28153,0.0,0.0,0.0,0.0
28155,0.0,0.0,0.0,0.0
28157,0.0,0.0,0.0,0.0
28159,0.0,0.0,0.0,0.0
28161,0.0,0.0,0.0,0.0
28163,0.0,0.0,0.0,0.0
29001,0.0,0.0,0.0,0.0
29003,0.0,0.0,0.0,0.0
29005,0.0,0.0,0.0,0.0
29007,0.0,0.0,0.0,0.0
29009,0.0,0.0,0.0,0.0
29011,0.0,0.0,0.0,0.0
29013,0.0,0.0,0.0,0.0
29015,0.0,0.0,0.0,0.0
29017,0.0,0.0,0.0,0.0
29019,1345.0,1.0,0.0,0.0
29021,1193.0,0.0,0.0,0.0
29023,0.0,0.0,0.0,0.0
29025,0.0,0.0,0.0,0.0
29027,0.0,0.0,0.0,0.0
29029,0.0,0.0,0.0,0.0
29031,0.0,0.0,0.0,0.0
29033,0.0,0.0,0.0,0.0
29035,0.0,0.0,0.0,0.0
29037,0.0,0.0,0.0,0.0
29039,0.0,0.0,0.0,0.0
29041,0.0,0.0,0.0,0.0
29043,0.0,0.0,0.0,0.0
29045,0.0,0.0,0.0,0.0
29047,1013.0,0.0,0.0,0.0
29049,0.0,0.0,0.0,0.0
29051,0.0,0.0,0.0,0.0
29053,0.0,0.0,0.0,0.0
29055,0.0,0.0,0.0,0.0
29057,0.0,0.0,0.0,0.0
29059,0.0,0.0,0.0,0.0
29061,0.0,0.0,0.0,0.0
29063,0.0,0.0,0.0,0.0
29065,0.0,0.0,0.0,0.0
29067,0.0,0.0,0.0,0.0
29069,0.0,0.0,0.0,0.0
29071,0.0,0.0,0.0,0.0
29073,0.0,0.0,0.0,0.0
29075,0.0,0.0,0.0,0.0
29077,1500.0,3.0,0.0,0.0
29079,0.0,0.0,0.0,0.0
29081,0.0,0.0,0.0,0.0
29083,0.0,0.0,0.0,0.0
29085,0.0,0.0,0.0,0.0
29087,0.0,0.0,0.0,0.0
29089,0.0,0.0,0.0,0.0
29091,0.0,0.0,0.0,0.0
29093,0.0,0.0,0.0,0.0
29095,10653.0,11.0,3.0,0.0
29097,1809.0,0.0,0.0,0.0
29099,1606.0,0.0,0.0,0.0
29101,0.0,0.0,0.0,0.0
29103,0.0,0.0,0.0,0.0
29105,0.0,0.0,0.0,0.0
29107,0.0,0.0,0.0,0.0
29109,0.0,0.0,0.0,0.0
29111,0.0,0.0,0.0,0.0
29113,0.0,0.0,0.0,0.0
29115,0.0,0.0,0.0,0.0
29117,0.0,0.0,0.0,0.0
29119,0.0,0.0,0.0,0.0
29121,0.0,0.0,0.0,0.0
29123,0.0,0.0,0.0,0.0
29125,0.0,0.0,0.0,0.0
29127,0.0,0.0,0.0,0.0
29129,0.0,0.0,0.0,0.0
29131,0.0,0.0,0.0,0.0
29133,0.0,0.0,0.0,0.0
29135,0.0,0.0,0.0,0.0
29137,0.0,0.0,0.0,0.0
29139,0.0,0.0,0.0,0.0
29141,0.0,0.0,0.0,0.0
29143,0.0,0.0,0.0,0.0
29145,0.0,0.0,0.0,0.0
29147,0.0,0.0,0.0,0.0
29149,0.0,0.0,0.0,0.0
29151,0.0,0.0,0.0,0.0
29153,0.0,0.0,0.0,0.0
29155,0.0,0.0,0.0,0.0
29157,0.0,0.0,0.0,0.0
29159,0.0,0.0,0.0,0.0
29161,0.0,0.0,0.0,0.0
29163,0.0,0.0,0.0,0.0
29165,0.0,0.0,0.0,0.0
29167,0.0,0.0,0.0,0.0
29169,0.0,0.0,0.0,0.0
29171,0.0,0.0,0.0,0.0
29173,0.0,0.0,0.0,0.0
29175,0.0,0.0,0.0,0.0
29177,0.0,0.0,0.0,0.0
29179,0.0,0.0,0.0,0.0
29181,0.0,0.0,0.0,0.0
29183,3968.0,1.0,0.0,0.0
29185,0.0,0.0,0.0,0.0
29186,0.0,0.0,0.0,0.0
29187,0.0,0.0,0.0,0.0
29189,14632.0,11.0,1.0,0.0
29195,0.0,0.0,0.0,0.0
29197,0.0,0.0,0.0,0.0
29199,0.0,0.0,0.0,0.0
29201,0.0,0.0,0.0,0.0
29203,0.0,0.0,0.0,0.0
29205,0.0,0.0,0.0,0.0
29207,0.0,0.0,0.0,0.0
29209,0.0,0.0,0.0,0.0
29211,0.0,0.0,0.0,0.0
29213,0.0,0.0,0.0,0.0
29215,0.0,0.0,0.0,0.0
29217,0.0,0.0,0.0,0.0
29219,0.0,0.0,0.0,0.0
29221,0.0,0.0,0.0,0.0
29223,0.0,0.0,0.0,0.0
29225,0.0,0.0,0.0,0.0
29227,0.0,0.0,0.0,0.0
29229,0.0,0.0,0.0,0.0
29510,5022.0,1.0,0.0,0.0
30001,0.0,0.0,0.0,0.0
30003,0.0,0.0,0.0,0.0
30005,0.0,0.0,0.0,0.0
30007,0.0,0.0,0.0,0.0
30009,0.0,0.0,0.0,0.0
30011,0.0,0.0,0.0,0.0
30013,2164.0,105.0,0.0,0.0
30015,0.0,0.0,0.0,0.0
30017,0.0,0.0,0.0,0.0
30019,0.0,0.0,0.0,0.0
30021,0.0,0.0,0.0,0.0
30023,0.0,0.0,0.0,0.0
30025,0.0,0.0,0.0,0.0
30027,0.0,0.0,0.0,0.0
30029,3302.0,113.0,0.0,0.0
30031,4172.0,112.0,0.0,0.0
30033,0.0,0.0,0.0,0.0
30035,0.0,0.0,0.0,0.0
30037,0.0,0.0,0.0,0.0
30039,0.0,0.0,0.0,0.0
30041,0.0,0.0,0.0,0.0
30043,0.0,0.0,0.0,0.0
30045,0.0,0.0,0.0,0.0
30047,662.0,39.0,0.0,0.0
30049,1178.0,52.0,0.0,0.0
30051,0.0,0.0,0.0,0.0
30053,0.0,0.0,0.0,0.0
30055,0.0,0.0,0.0,0.0
30057,0.0,0.0,0.0,0.0
30059,0.0,0.0,0.0,0.0
30061,0.0,0.0,0.0,0.0
30063,1943.0,98.0,0.0,29.0
30065,0.0,0.0,0.0,0.0
30067,0.0,0.0,0.0,0.0
30069,0.0,0.0,0.0,0.0
30071,0.0,0.0,0.0,0.0
30073,0.0,0.0,0.0,0.0
30075,0.0,0.0,0.0,0.0
30077,0.0,0.0,0.0,0.0
30079,0.0,0.0,0.0,0.0
30081,595.0,32.0,0.0,0.0
30083,0.0,0.0,0.0,0.0
30085,0.0,0.0,0.0,0.0
30087,0.0,0.0,0.0,0.0
30089,0.0,0.0,0.0,0.0
30091,0.0,0.0,0.0,0.0
30093,671.0,26.0,0.0,0.0
30095,0.0,0.0,0.0,0.0
30097,0.0,0.0,0.0,0.0
30099,0.0,0.0,0.0,0.0
30101,0.0,0.0,0.0,0.0
30103,0.0,0.0,0.0,0.0
30105,0.0,0.0,0.0,0.0
30107,0.0,0.0,0.0,0.0
30109,0.0,0.0,0.0,0.0
30111,7366.0,558.0,0.0,61.0
31001,873.0,0.0,0.0,0.0
31003,0.0,0.0,0.0,0.0
31005,0.0,0.0,0.0,0.0
31007,0.0,0.0,0.0,0.0
31009,0.0,0.0,0.0,0.0
31011,0.0,0.0,0.0,0.0
31013,0.0,0.0,0.0,0.0
31015,0.0,0.0,0.0,0.0
31017,0.0,0.0,0.0,0.0
31019,1792.0,0.0,0.0,0.0
31021,0.0,0.0,0.0,0.0
31023,0.0,0.0,0.0,0.0
31025,428.0,0.0,0.0,0.0
31027,0.0,0.0,0.0,0.0
31029,0.0,0.0,0.0,0.0
31031,0.0,0.0,0.0,0.0
31033,0.0,0.0,0.0,0.0
31035,0.0,0.0,0.0,0.0
31037,0.0,0.0,0.0,0.0
31039,0.0,0.0,0.0,0.0
31041,0.0,0.0,0.0,0.0
31043,1657.0,0.0,0.0,0.0
31045,0.0,0.0,0.0,0.0
31047,1280.0,0.0,0.0,0.0
31049,0.0,0.0,0.0,0.0
31051,0.0,0.0,0.0,0.0
31053,1483.0,0.0,0.0,0.0
31055,12044.0,2.0,0.0,0.0
31057,0.0,0.0,0.0,0.0
31059,0.0,0.0,0.0,0.0
31061,0.0,0.0,0.0,0.0
31063,0.0,0.0,0.0,0.0
31065,0.0,0.0,0.0,0.0
31067,295.0,0.0,0.0,0.0
31069,0.0,0.0,0.0,0.0
31071,0.0,0.0,0.0,0.0
31073,0.0,0.0,0.0,0.0
31075,0.0,0.0,0.0,0.0
31077,0.0,0.0,0.0,0.0
31079,2902.0,0.0,0.0,0.0
31081,0.0,0.0,0.0,0.0
31083,0.0,0.0,0.0,0.0
31085,0.0,0.0,0.0,0.0
31087,0.0,0.0,0.0,0.0
31089,0.0,0.0,0.0,0.0
31091,0.0,0.0,0.0,0.0
31093,0.0,0.0,0.0,0.0
31095,0.0,0.0,0.0,0.0
31097,0.0,0.0,0.0,0.0
31099,0.0,0.0,0.0,0.0
31101,0.0,0.0,0.0,0.0
31103,0.0,0.0,0.0,0.0
31105,0.0,0.0,0.0,0.0
31107,0.0,0.0,0.0,0.0
31109,6080.0,0.0,0.0,0.0
31111,746.0,0.0,0.0,0.0
31113,0.0,0.0,0.0,0.0
31115,0.0,0.0,0.0,0.0
31117,0.0,0.0,0.0,0.0
31119,1480.0,1.0,0.0,0.0
31121,0.0,0.0,0.0,0.0
31123,0.0,0.0,0.0,0.0
31125,0.0,0.0,0.0,0.0
31127,0.0,0.0,0.0,0.0
31129,0.0,0.0,0.0,0.0
31131,0.0,0.0,0.0,0.0
31133,0.0,0.0,0.0,0.0
31135,0.0,0.0,0.0,0.0
31137,0.0,0.0,0.0,0.0
31139,0.0,0.0,0.0,0.0
31141,1073.0,0.0,0.0,0.0
31143,0.0,0.0,0.0,0.0
31145,0.0,0.0,0.0,0.0
31147,0.0,0.0,0.0,0.0
31149,0.0,0.0,0.0,0.0
31151,0.0,0.0,0.0,0.0
31153,4808.0,0.0,0.0,0.0
31155,598.0,0.0,0.0,0.0
31157,1029.0,0.0,0.0,0.0
31159,0.0,0.0,0.0,0.0
31161,0.0,0.0,0.0,0.0
31163,0.0,0.0,0.0,0.0
31165,0.0,0.0,0.0,0.0
31167,0.0,0.0,0.0,0.0
31169,0.0,0.0,0.0,0.0
31171,0.0,0.0,0.0,0.0
31173,0.0,0.0,0.0,0.0
31175,0.0,0.0,0.0,0.0
31177,438.0,0.0,0.0,0.0
31179,0.0,0.0,0.0,0.0
31181,0.0,0.0,0.0,0.0
31183,0.0,0.0,0.0,0.0
31185,0.0,0.0,0.0,0.0
32001,0.0,0.0,0.0,0.0
32003,88269.0,8184.0,2663.0,1209.0
32005,0.0,0.0,0.0,0.0
32007,1572.0,76.0,8.0,0.0
32009,0.0,0.0,0.0,0.0
32011,0.0,0.0,0.0,0.0
32013,0.0,0.0,0.0,0.0
32015,0.0,0.0,0.0,0.0
32017,0.0,0.0,0.0,0.0
32019,0.0,0.0,0.0,0.0
32021,0.0,0.0,0.0,0.0
32023,871.0,55.0,20.0,0.0
32027,0.0,0.0,0.0,0.0
32029,0.0,0.0,0.0,0.0
32031,13932.0,978.0,273.0,30.0
32033,0.0,0.0,0.0,0.0
32510,0.0,0.0,0.0,0.0
33001,0.0,0.0,0.0,0.0
33003,0.0,0.0,0.0,0.0
33005,0.0,0.0,0.0,0.0
33007,0.0,0.0,0.0,0.0
33009,0.0,0.0,0.0,0.0
33011,4557.0,433.0,144.0,228.0
33013,0.0,0.0,0.0,0.0
33015,2085.0,174.0,55.0,68.0
33017,0.0,0.0,0.0,0.0
33019,0.0,0.0,0.0,0.0
34001,6516.0,1431.0,28.0,149.0
34003,26949.0,5814.0,470.0,1834.0
34005,9463.0,1957.0,110.0,338.0
34007,13208.0,3641.0,126.0,406.0
34009,1788.0,413.0,18.0,41.0
34011,4566.0,1175.0,59.0,35.0
34013,27052.0,7142.0,425.0,1862.0
34015,6467.0,1395.0,76.0,126.0
34017,24690.0,5094.0,308.0,1229.0
34019,1956.0,357.0,18.0,75.0
34021,10127.0,3175.0,166.0,439.0
34023,23996.0,4647.0,245.0,1149.0
34025,15617.0,3596.0,210.0,691.0
34027,10506.0,2522.0,102.0,643.0
34029,18262.0,3962.0,257.0,883.0
34031,22436.0,4853.0,271.0,1015.0
34033,1302.0,285.0,22.0,38.0
34035,7384.0,1682.0,108.0,401.0
34037,1940.0,553.0,26.0,143.0
34039,22269.0,4377.0,309.0,1096.0
34041,1913.0,515.0,26.0,131.0
35001,9055.0,0.0,0.0,0.0
35003,0.0,0.0,0.0,0.0
35005,1662.0,0.0,0.0,0.0
35006,716.0,0.0,0.0,0.0
35007,0.0,0.0,0.0,0.0
35009,1251.0,0.0,0.0,0.0
35011,0.0,0.0,0.0,0.0
35013,4826.0,0.0,0.0,0.0
35015,1199.0,0.0,0.0,0.0
35017,0.0,0.0,0.0,0.0
35019,0.0,0.0,0.0,0.0
35021,0.0,0.0,0.0,0.0
35023,0.0,0.0,0.0,0.0
35025,1845.0,0.0,0.0,0.0
35027,0.0,0.0,0.0,0.0
35028,0.0,0.0,0.0,0.0
35029,671.0,0.0,0.0,0.0
35031,3923.0,0.0,0.0,0.0
35033,0.0,0.0,0.0,0.0
35035,1164.0,0.0,0.0,0.0
35037,0.0,0.0,0.0,0.0
35039,0.0,0.0,0.0,0.0
35041,0.0,0.0,0.0,0.0
35043,1577.0,0.0,0.0,0.0
35045,2853.0,0.0,0.0,0.0
35047,0.0,0.0,0.0,0.0
35049,1372.0,0.0,0.0,0.0
35051,0.0,0.0,0.0,0.0
35053,0.0,0.0,0.0,0.0
35055,0.0,0.0,0.0,0.0
35057,0.0,0.0,0.0,0.0
35059,0.0,0.0,0.0,0.0
35061,770.0,0.0,0.0,0.0
36001,8152.0,373.0,33.0,79.0
36003,1143.0,1.0,0.0,0.0
36005,59393.0,14362.0,1822.0,5430.0
36007,6462.0,85.0,7.0,12.0
36009,1769.0,0.0,0.0,0.0
36011,1620.0,16.0,3.0,0.0
36013,2614.0,11.0,3.0,0.0
36015,4207.0,15.0,5.0,0.0
36017,956.0,23.0,13.0,0.0
36019,853.0,23.0,6.0,0.0
36021,1382.0,160.0,33.0,0.0
36023,1476.0,3.0,2.0,0.0
36025,537.0,6.0,4.0,0.0
36027,9915.0,299.0,13.0,0.0
36029,28529.0,1117.0,117.0,967.0
36031,374.0,7.0,1.0,0.0
36033,635.0,1.0,1.0,0.0
36035,918.0,48.0,32.0,0.0
36037,1546.0,19.0,4.0,0.0
36039,1161.0,64.0,16.0,0.0
36041,0.0,0.0,0.0,0.0
36043,1598.0,19.0,6.0,0.0
36045,1073.0,6.0,5.0,0.0
36047,80288.0,19265.0,1407.0,8496.0
36049,391.0,3.0,1.0,0.0
36051,887.0,7.0,2.0,0.0
36053,1477.0,32.0,17.0,0.0
36055,20592.0,55.0,14.0,60.0
36057,882.0,30.0,10.0,0.0
36059,110930.0,2353.0,62.0,199.0
36061,36816.0,9352.0,651.0,3287.0
36063,5102.0,173.0,49.0,0.0
36065,7381.0,110.0,43.0,0.0
36067,13301.0,221.0,51.0,27.0
36069,2124.0,36.0,14.0,0.0
36071,18826.0,1181.0,305.0,206.0
36073,390.0,38.0,11.0,0.0
36075,2128.0,11.0,6.0,0.0
36077,956.0,15.0,5.0,0.0
36079,3290.0,230.0,47.0,14.0
36081,81361.0,20033.0,1520.0,7962.0
36083,1556.0,190.0,40.0,0.0
36085,18211.0,2971.0,77.0,979.0
36087,38794.0,1135.0,135.0,305.0
36089,1532.0,25.0,3.0,0.0
36091,3723.0,117.0,27.0,0.0
36093,4153.0,173.0,40.0,11.0
36095,330.0,9.0,1.0,0.0
36097,0.0,0.0,0.0,0.0
36099,0.0,0.0,0.0,0.0
36101,2355.0,37.0,8.0,26.0
36103,98857.0,937.0,111.0,142.0
36105,2978.0,115.0,25.0,0.0
36107,1219.0,16.0,6.0,0.0
36109,1168.0,11.0,4.0,0.0
36111,4981.0,25.0,6.0,0.0
36113,1062.0,18.0,1.0,0.0
36115,527.0,32.0,10.0,0.0
36117,1522.0,7.0,2.0,0.0
36119,73050.0,4085.0,555.0,815.0
36121,950.0,7.0,5.0,0.0
36123,301.0,4.0,1.0,0.0
37001,5631.0,378.0,30.0,33.0
37003,1058.0,66.0,14.0,0.0
37005,0.0,0.0,0.0,0.0
37007,735.0,68.0,13.0,0.0
37009,576.0,10.0,0.0,0.0
37011,0.0,0.0,0.0,0.0
37013,1426.0,101.0,20.0,0.0
37015,0.0,0.0,0.0,0.0
37017,1065.0,78.0,9.0,0.0
37019,2267.0,118.0,28.0,11.0
37021,4414.0,225.0,55.0,31.0
37023,3057.0,91.0,17.0,0.0
37025,5258.0,258.0,61.0,12.0
37027,2773.0,100.0,45.0,0.0
37029,0.0,0.0,0.0,0.0
37031,1351.0,39.0,5.0,0.0
37033,644.0,37.0,5.0,0.0
37035,4986.0,289.0,78.0,0.0
37037,1968.0,130.0,20.0,0.0
37039,804.0,30.0,13.0,0.0
37041,0.0,0.0,0.0,0.0
37043,0.0,0.0,0.0,0.0
37045,3425.0,240.0,70.0,13.0
37047,1827.0,184.0,74.0,0.0
37049,2472.0,244.0,29.0,0.0
37051,7547.0,606.0,77.0,0.0
37053,214.0,25.0,4.0,0.0
37055,401.0,16.0,4.0,0.0
37057,3965.0,256.0,60.0,0.0
37059,788.0,34.0,11.0,0.0
37061,2833.0,211.0,63.0,0.0
37063,9492.0,468.0,97.0,11.0
37065,2109.0,274.0,47.0,0.0
37067,9394.0,657.0,182.0,12.0
37069,1514.0,67.0,7.0,0.0
37071,7989.0,691.0,153.0,78.0
37073,0.0,0.0,0.0,0.0
37075,0.0,0.0,0.0,0.0
37077,2113.0,176.0,39.0,0.0
37079,942.0,51.0,3.0,0.0
37081,12261.0,576.0,68.0,40.0
37083,1508.0,156.0,32.0,0.0
37085,3154.0,266.0,78.0,11.0
37087,793.0,26.0,8.0,12.0
37089,2598.0,130.0,24.0,28.0
37091,862.0,98.0,9.0,0.0
37093,1608.0,83.0,24.0,0.0
37095,0.0,0.0,0.0,0.0
37097,4179.0,211.0,53.0,0.0
37099,1135.0,31.0,19.0,0.0
37101,6150.0,289.0,74.0,14.0
37103,0.0,0.0,0.0,0.0
37105,2178.0,138.0,20.0,0.0
37107,1614.0,178.0,15.0,0.0
37109,2641.0,142.0,30.0,0.0
37111,1361.0,49.0,2.0,0.0
37113,771.0,24.0,7.0,0.0
37115,304.0,15.0,1.0,0.0
37117,702.0,102.0,25.0,0.0
37119,35384.0,1431.0,213.0,125.0
37121,0.0,0.0,0.0,0.0
37123,1231.0,102.0,26.0,0.0
37125,2352.0,213.0,35.0,0.0
37127,3615.0,351.0,62.0,0.0
37129,5567.0,189.0,51.0,0.0
37131,0.0,0.0,0.0,0.0
37133,3818.0,127.0,25.0,0.0
37135,3233.0,139.0,37.0,0.0
37137,0.0,0.0,0.0,0.0
37139,889.0,74.0,21.0,0.0
37141,1484.0,56.0,11.0,0.0
37143,0.0,0.0,0.0,0.0
37145,729.0,35.0,7.0,0.0
37147,6334.0,189.0,35.0,0.0
37149,402.0,36.0,14.0,0.0
37151,4118.0,172.0,32.0,0.0
37153,1453.0,126.0,35.0,0.0
37155,6224.0,291.0,57.0,0.0
37157,2239.0,136.0,12.0,0.0
37159,4405.0,293.0,102.0,39.0
37161,1854.0,157.0,40.0,19.0
37163,2916.0,165.0,43.0,0.0
37165,1656.0,129.0,26.0,0.0
37167,2500.0,117.0,17.0,0.0
37169,743.0,49.0,19.0,0.0
37171,2077.0,145.0,72.0,0.0
37173,0.0,0.0,0.0,0.0
37175,436.0,32.0,13.0,0.0
37177,0.0,0.0,0.0,0.0
37179,6199.0,249.0,85.0,0.0
37181,1271.0,110.0,18.0,0.0
37183,21970.0,841.0,156.0,140.0
37185,0.0,0.0,0.0,0.0
37187,0.0,0.0,0.0,0.0
37189,1760.0,22.0,2.0,0.0
37191,4764.0,273.0,50.0,12.0
37193,1947.0,73.0,19.0,0.0
37195,3281.0,367.0,49.0,0.0
37197,1101.0,106.0,29.0,0.0
37199,0.0,0.0,0.0,0.0
38001,0.0,0.0,0.0,0.0
38003,0.0,0.0,0.0,0.0
38005,0.0,0.0,0.0,0.0
38007,0.0,0.0,0.0,0.0
38009,0.0,0.0,0.0,0.0
38011,0.0,0.0,0.0,0.0
38013,0.0,0.0,0.0,0.0
38015,3899.0,172.0,4.0,0.0
38017,5075.0,139.0,6.0,0.0
38019,0.0,0.0,0.0,0.0
38021,0.0,0.0,0.0,0.0
38023,0.0,0.0,0.0,0.0
38025,0.0,0.0,0.0,0.0
38027,0.0,0.0,0.0,0.0
38029,0.0,0.0,0.0,0.0
38031,0.0,0.0,0.0,0.0
38033,0.0,0.0,0.0,0.0
38035,2462.0,54.0,0.0,0.0
38037,0.0,0.0,0.0,0.0
38039,0.0,0.0,0.0,0.0
38041,0.0,0.0,0.0,0.0
38043,0.0,0.0,0.0,0.0
38045,0.0,0.0,0.0,0.0
38047,0.0,0.0,0.0,0.0
38049,0.0,0.0,0.0,0.0
38051,0.0,0.0,0.0,0.0
38053,0.0,0.0,0.0,0.0
38055,0.0,0.0,0.0,0.0
38057,0.0,0.0,0.0,0.0
38059,1286.0,64.0,3.0,0.0
38061,0.0,0.0,0.0,0.0
38063,0.0,0.0,0.0,0.0
38065,0.0,0.0,0.0,0.0
38067,0.0,0.0,0.0,0.0
38069,0.0,0.0,0.0,0.0
38071,0.0,0.0,0.0,0.0
38073,0.0,0.0,0.0,0.0
38075,0.0,0.0,0.0,0.0
38077,0.0,0.0,0.0,0.0
38079,0.0,0.0,0.0,0.0
38081,0.0,0.0,0.0,0.0
38083,0.0,0.0,0.0,0.0
38085,0.0,0.0,0.0,0.0
38087,0.0,0.0,0.0,0.0
38089,1251.0,56.0,4.0,0.0
38091,0.0,0.0,0.0,0.0
38093,0.0,0.0,0.0,0.0
38095,0.0,0.0,0.0,0.0
38097,0.0,0.0,0.0,0.0
38099,0.0,0.0,0.0,0.0
38101,2217.0,83.0,3.0,0.0
38103,0.0,0.0,0.0,0.0
38105,1069.0,58.0,0.0,0.0
39001,230.0,25.0,9.0,0.0
39003,2427.0,277.0,57.0,0.0
39005,467.0,54.0,3.0,0.0
39007,337.0,111.0,38.0,15.0
39009,1175.0,46.0,12.0,0.0
39011,1172.0,95.0,11.0,28.0
39013,514.0,57.0,14.0,0.0
39015,0.0,0.0,0.0,0.0
39017,4316.0,526.0,66.0,51.0
39019,172.0,19.0,3.0,0.0
39021,353.0,33.0,6.0,0.0
39023,1907.0,160.0,20.0,63.0
39025,2602.0,249.0,50.0,23.0
39027,509.0,60.0,13.0,0.0
39029,947.0,204.0,39.0,11.0
39031,344.0,62.0,16.0,0.0
39033,596.0,85.0,25.0,12.0
39035,16997.0,2938.0,707.0,629.0
39037,1058.0,118.0,17.0,0.0
39039,591.0,70.0,24.0,0.0
39041,1841.0,114.0,17.0,0.0
39043,759.0,168.0,18.0,24.0
39045,2486.0,221.0,44.0,11.0
39047,453.0,59.0,9.0,0.0
39049,26183.0,2317.0,426.0,515.0
39051,586.0,49.0,5.0,14.0
39053,297.0,36.0,6.0,0.0
39055,777.0,112.0,27.0,15.0
39057,1909.0,215.0,42.0,15.0
39059,440.0,36.0,10.0,0.0
39061,12015.0,1417.0,239.0,261.0
39063,828.0,83.0,13.0,23.0
39065,394.0,50.0,4.0,0.0
39067,0.0,0.0,0.0,0.0
39069,474.0,60.0,20.0,0.0
39071,415.0,42.0,12.0,0.0
39073,185.0,31.0,3.0,0.0
39075,889.0,120.0,27.0,28.0
39077,674.0,70.0,12.0,0.0
39079,475.0,44.0,5.0,0.0
39081,56.0,42.0,5.0,0.0
39083,504.0,69.0,21.0,0.0
39085,1831.0,204.0,44.0,15.0
39087,794.0,125.0,10.0,0.0
39089,2510.0,204.0,76.0,34.0
39091,485.0,37.0,5.0,0.0
39093,1498.0,316.0,72.0,50.0
39095,5615.0,966.0,198.0,243.0
39097,642.0,60.0,23.0,0.0
39099,3114.0,560.0,78.0,216.0
39101,1000.0,162.0,21.0,0.0
39103,1768.0,189.0,29.0,0.0
39105,0.0,0.0,0.0,0.0
39107,1629.0,192.0,32.0,0.0
39109,1591.0,188.0,50.0,0.0
39111,0.0,0.0,0.0,0.0
39113,8663.0,1354.0,160.0,160.0
39115,0.0,0.0,0.0,0.0
39117,475.0,30.0,10.0,0.0
39119,1066.0,113.0,9.0,0.0
39121,0.0,0.0,0.0,0.0
39123,590.0,66.0,28.0,13.0
39125,0.0,0.0,0.0,0.0
39127,366.0,33.0,5.0,0.0
39129,1245.0,116.0,62.0,15.0
39131,378.0,46.0,5.0,0.0
39133,1569.0,182.0,35.0,17.0
39135,580.0,86.0,19.0,0.0
39137,1260.0,105.0,9.0,13.0
39139,1533.0,220.0,52.0,11.0
39141,1061.0,190.0,25.0,23.0
39143,694.0,103.0,17.0,0.0
39145,855.0,97.0,15.0,0.0
39147,666.0,70.0,21.0,0.0
39149,793.0,61.0,5.0,0.0
39151,3071.0,450.0,79.0,153.0
39153,6759.0,966.0,234.0,183.0
39155,2514.0,377.0,84.0,46.0
39157,1413.0,199.0,42.0,35.0
39159,653.0,42.0,7.0,0.0
39161,354.0,27.0,4.0,0.0
39163,0.0,0.0,0.0,0.0
39165,3263.0,300.0,58.0,16.0
39167,164.0,21.0,4.0,0.0
39169,1948.0,191.0,74.0,28.0
39171,391.0,31.0,5.0,0.0
39173,2589.0,243.0,36.0,21.0
39175,279.0,27.0,6.0,0.0
40001,852.0,128.0,0.0,0.0
40003,0.0,0.0,0.0,0.0
40005,0.0,0.0,0.0,0.0
40007,0.0,0.0,0.0,0.0
40009,967.0,82.0,0.0,0.0
40011,0.0,0.0,0.0,0.0
40013,1688.0,119.0,0.0,0.0
40015,1202.0,89.0,0.0,0.0
40017,4283.0,221.0,0.0,0.0
40019,980.0,61.0,0.0,0.0
40021,1463.0,124.0,0.0,0.0
40023,0.0,0.0,0.0,0.0
40025,0.0,0.0,0.0,0.0
40027,9095.0,575.0,0.0,71.0
40029,0.0,0.0,0.0,0.0
40031,3318.0,175.0,0.0,0.0
40033,0.0,0.0,0.0,0.0
40035,0.0,0.0,0.0,0.0
40037,1671.0,193.0,0.0,0.0
40039,1143.0,53.0,0.0,0.0
40041,1348.0,119.0,0.0,0.0
40043,0.0,0.0,0.0,0.0
40045,0.0,0.0,0.0,0.0
40047,2574.0,156.0,0.0,0.0
40049,844.0,69.0,0.0,0.0
40051,1749.0,104.0,0.0,0.0
40053,0.0,0.0,0.0,0.0
40055,0.0,0.0,0.0,0.0
40057,0.0,0.0,0.0,0.0
40059,0.0,0.0,0.0,0.0
40061,0.0,0.0,0.0,0.0
40063,0.0,0.0,0.0,0.0
40065,1235.0,105.0,0.0,0.0
40067,0.0,0.0,0.0,0.0
40069,0.0,0.0,0.0,0.0
40071,992.0,70.0,0.0,0.0
40073,0.0,0.0,0.0,0.0
40075,0.0,0.0,0.0,0.0
40077,0.0,0.0,0.0,0.0
40079,1759.0,94.0,0.0,0.0
40081,836.0,82.0,0.0,11.0
40083,933.0,54.0,0.0,0.0
40085,0.0,0.0,0.0,0.0
40087,1455.0,106.0,0.0,0.0
40089,1677.0,154.0,0.0,0.0
40091,0.0,0.0,0.0,0.0
40093,0.0,0.0,0.0,0.0
40095,0.0,0.0,0.0,0.0
40097,1058.0,112.0,0.0,0.0
40099,0.0,0.0,0.0,0.0
40101,2491.0,250.0,0.0,0.0
40103,0.0,0.0,0.0,0.0
40105,0.0,0.0,0.0,0.0
40107,0.0,0.0,0.0,0.0
40109,25283.0,1906.0,0.0,223.0
40111,1291.0,117.0,0.0,0.0
40113,1431.0,99.0,0.0,0.0
40115,1336.0,90.0,0.0,0.0
40117,0.0,0.0,0.0,0.0
40119,2897.0,84.0,0.0,0.0
40121,1303.0,83.0,0.0,11.0
40123,907.0,62.0,0.0,0.0
40125,2420.0,144.0,0.0,0.0
40127,0.0,0.0,0.0,0.0
40129,0.0,0.0,0.0,0.0
40131,2692.0,270.0,0.0,22.0
40133,902.0,79.0,0.0,0.0
40135,1300.0,112.0,0.0,0.0
40137,855.0,83.0,0.0,0.0
40139,0.0,0.0,0.0,0.0
40141,0.0,0.0,0.0,0.0
40143,23004.0,1788.0,0.0,137.0
40145,2061.0,197.0,0.0,0.0
40147,1446.0,161.0,0.0,16.0
40149,0.0,0.0,0.0,0.0
40151,0.0,0.0,0.0,0.0
40153,1313.0,37.0,0.0,0.0
41001,0.0,0.0,0.0,0.0
41003,498.0,23.0,0.0,0.0
41005,3773.0,262.0,0.0,11.0
41007,0.0,0.0,0.0,0.0
41009,249.0,17.0,0.0,0.0
41011,275.0,19.0,0.0,0.0
41013,0.0,0.0,0.0,0.0
41015,0.0,0.0,0.0,0.0
41017,1374.0,77.0,0.0,0.0
41019,416.0,45.0,0.0,0.0
41021,0.0,0.0,0.0,0.0
41023,0.0,0.0,0.0,0.0
41025,0.0,0.0,0.0,0.0
41027,264.0,9.0,0.0,0.0
41029,2085.0,151.0,0.0,0.0
41031,590.0,57.0,0.0,0.0
41033,265.0,18.0,0.0,0.0
41035,434.0,26.0,0.0,0.0
41037,0.0,0.0,0.0,0.0
41039,2709.0,139.0,0.0,0.0
41041,506.0,19.0,0.0,0.0
41043,954.0,58.0,0.0,0.0
41045,2043.0,127.0,0.0,0.0
41047,6572.0,478.0,0.0,11.0
41049,0.0,0.0,0.0,0.0
41051,11031.0,1001.0,0.0,51.0
41053,707.0,49.0,0.0,0.0
41055,0.0,0.0,0.0,0.0
41057,0.0,0.0,0.0,0.0
41059,3566.0,133.0,0.0,11.0
41061,502.0,14.0,0.0,0.0
41063,0.0,0.0,0.0,0.0
41065,350.0,15.0,0.0,11.0
41067,6722.0,450.0,0.0,0.0
41069,0.0,0.0,0.0,0.0
41071,1104.0,45.0,0.0,0.0
42001,1275.0,99.0,18.0,0.0
42003,16574.0,1574.0,414.0,234.0
42005,804.0,38.0,9.0,0.0
42007,2420.0,188.0,41.0,67.0
42009,467.0,38.0,4.0,0.0
42011,10017.0,494.0,58.0,254.0
42013,1566.0,93.0,6.0,0.0
42015,1003.0,31.0,10.0,0.0
42017,11112.0,1083.0,151.0,475.0
42019,2037.0,133.0,38.0,0.0
42021,1314.0,112.0,12.0,0.0
42023,0.0,0.0,0.0,0.0
42025,627.0,44.0,11.0,0.0
42027,4352.0,72.0,6.0,11.0
42029,8578.0,646.0,68.0,262.0
42031,249.0,25.0,4.0,0.0
42033,555.0,27.0,5.0,0.0
42035,294.0,20.0,7.0,0.0
42037,1105.0,52.0,7.0,14.0
42039,635.0,55.0,14.0,0.0
42041,2737.0,200.0,35.0,12.0
42043,5283.0,615.0,96.0,61.0
42045,14505.0,1477.0,191.0,593.0
42047,237.0,6.0,2.0,0.0
42049,2433.0,209.0,18.0,0.0
42051,1111.0,73.0,31.0,0.0
42053,0.0,0.0,0.0,0.0
42055,2665.0,167.0,23.0,0.0
42057,0.0,0.0,0.0,0.0
42059,290.0,19.0,6.0,0.0
42061,1088.0,48.0,6.0,0.0
42063,1353.0,72.0,8.0,0.0
42065,226.0,14.0,7.0,0.0
42067,250.0,12.0,1.0,0.0
42069,4082.0,312.0,78.0,170.0
42071,10386.0,1143.0,210.0,275.0
42073,1077.0,74.0,10.0,0.0
42075,3337.0,322.0,43.0,13.0
42077,7177.0,559.0,120.0,152.0
42079,5894.0,412.0,63.0,149.0
42081,1042.0,72.0,11.0,0.0
42083,156.0,8.0,1.0,0.0
42085,1213.0,97.0,17.0,0.0
42087,481.0,19.0,3.0,0.0
42089,2167.0,162.0,38.0,28.0
42091,14962.0,886.0,39.0,819.0
42093,0.0,0.0,0.0,0.0
42095,5810.0,421.0,63.0,299.0
42097,1674.0,92.0,14.0,76.0
42099,383.0,23.0,5.0,0.0
42101,41853.0,2826.0,449.0,1190.0
42103,634.0,62.0,9.0,0.0
42105,0.0,0.0,0.0,0.0
42107,2298.0,126.0,22.0,55.0
42109,533.0,54.0,5.0,0.0
42111,507.0,21.0,2.0,0.0
42113,0.0,0.0,0.0,0.0
42115,454.0,30.0,4.0,0.0
42117,279.0,21.0,6.0,0.0
42119,760.0,64.0,6.0,0.0
42121,309.0,19.0,5.0,0.0
42123,184.0,14.0,0.0,0.0
42125,2211.0,167.0,20.0,0.0
42127,304.0,25.0,7.0,0.0
42129,4769.0,405.0,34.0,79.0
42131,169.0,8.0,0.0,0.0
42133,7165.0,710.0,114.0,85.0
44001,74.0,7.0,4.0,0.0
44003,327.0,10.0,3.0,0.0
44005,98.0,7.0,3.0,0.0
44007,3177.0,92.0,19.0,0.0
44009,157.0,13.0,2.0,0.0
45001,805.0,37.0,0.0,0.0
45003,5512.0,273.0,0.0,13.0
45005,0.0,0.0,0.0,0.0
45007,6275.0,549.0,0.0,124.0
45009,0.0,0.0,0.0,0.0
45011,923.0,56.0,0.0,0.0
45013,6394.0,308.0,0.0,15.0
45015,6425.0,235.0,0.0,0.0
45017,0.0,0.0,0.0,0.0
45019,17911.0,600.0,0.0,148.0
45021,1626.0,137.0,0.0,0.0
45023,1340.0,120.0,0.0,0.0
45025,1567.0,151.0,0.0,0.0
45027,1183.0,151.0,0.0,0.0
45029,1339.0,113.0,0.0,0.0
45031,2654.0,230.0,0.0,0.0
45033,1429.0,162.0,0.0,0.0
45035,5015.0,221.0,0.0,11.0
45037,995.0,50.0,0.0,0.0
45039,932.0,78.0,0.0,0.0
45041,5892.0,670.0,0.0,40.0
45043,2559.0,237.0,0.0,0.0
45045,18761.0,980.0,0.0,204.0
45047,2702.0,126.0,0.0,16.0
45049,0.0,0.0,0.0,0.0
45051,13083.0,1047.0,0.0,128.0
45053,960.0,79.0,0.0,0.0
45055,2665.0,185.0,0.0,0.0
45057,2860.0,174.0,0.0,11.0
45059,2010.0,97.0,0.0,0.0
45061,0.0,0.0,0.0,0.0
45063,9880.0,452.0,0.0,52.0
45065,0.0,0.0,0.0,0.0
45067,1182.0,146.0,0.0,0.0
45069,1196.0,93.0,0.0,0.0
45071,1805.0,76.0,0.0,13.0
45073,2680.0,109.0,0.0,0.0
45075,3502.0,288.0,0.0,35.0
45077,5021.0,224.0,0.0,13.0
45079,18471.0,870.0,0.0,49.0
45081,739.0,35.0,0.0,0.0
45083,9745.0,720.0,0.0,109.0
45085,3858.0,329.0,0.0,0.0
45087,813.0,85.0,0.0,0.0
45089,1505.0,171.0,0.0,0.0
45091,7482.0,363.0,0.0,0.0
46003,0.0,0.0,0.0,0.0
46005,0.0,0.0,0.0,0.0
46007,0.0,0.0,0.0,0.0
46009,0.0,0.0,0.0,0.0
46011,990.0,0.0,0.0,0.0
46013,1500.0,0.0,0.0,0.0
46015,0.0,0.0,0.0,0.0
46017,0.0,0.0,0.0,0.0
46019,0.0,0.0,0.0,0.0
46021,0.0,0.0,0.0,0.0
46023,0.0,0.0,0.0,0.0
46025,0.0,0.0,0.0,0.0
46027,0.0,0.0,0.0,0.0
46029,1028.0,0.0,0.0,0.0
46031,0.0,0.0,0.0,0.0
46033,0.0,0.0,0.0,0.0
46035,0.0,0.0,0.0,0.0
46037,0.0,0.0,0.0,0.0
46039,0.0,0.0,0.0,0.0
46041,0.0,0.0,0.0,0.0
46043,0.0,0.0,0.0,0.0
46045,0.0,0.0,0.0,0.0
46047,0.0,0.0,0.0,0.0
46049,0.0,0.0,0.0,0.0
46051,0.0,0.0,0.0,0.0
46053,0.0,0.0,0.0,0.0
46055,0.0,0.0,0.0,0.0
46057,0.0,0.0,0.0,0.0
46059,0.0,0.0,0.0,0.0
46061,0.0,0.0,0.0,0.0
46063,0.0,0.0,0.0,0.0
46065,0.0,0.0,0.0,0.0
46067,0.0,0.0,0.0,0.0
46069,0.0,0.0,0.0,0.0
46071,0.0,0.0,0.0,0.0
46073,0.0,0.0,0.0,0.0
46075,0.0,0.0,0.0,0.0
46077,0.0,0.0,0.0,0.0
46079,0.0,0.0,0.0,0.0
46081,612.0,0.0,0.0,0.0
46083,1976.0,0.0,0.0,0.0
46085,0.0,0.0,0.0,0.0
46087,0.0,0.0,0.0,0.0
46089,0.0,0.0,0.0,0.0
46091,0.0,0.0,0.0,0.0
46093,617.0,0.0,0.0,0.0
46095,0.0,0.0,0.0,0.0
46097,0.0,0.0,0.0,0.0
46099,8353.0,1.0,0.0,0.0
46101,0.0,0.0,0.0,0.0
46102,0.0,0.0,0.0,0.0
46103,2921.0,1.0,0.0,0.0
46105,0.0,0.0,0.0,0.0
46107,0.0,0.0,0.0,0.0
46109,0.0,0.0,0.0,0.0
46111,0.0,0.0,0.0,0.0
46115,0.0,0.0,0.0,0.0
46117,0.0,0.0,0.0,0.0
46119,0.0,0.0,0.0,0.0
46121,0.0,0.0,0.0,0.0
46123,0.0,0.0,0.0,0.0
46125,0.0,0.0,0.0,0.0
46127,0.0,0.0,0.0,0.0
46129,0.0,0.0,0.0,0.0
46135,507.0,0.0,0.0,0.0
46137,0.0,0.0,0.0,0.0
47001,1991.0,65.0,24.0,0.0
47003,1877.0,65.0,21.0,0.0
47005,0.0,0.0,0.0,0.0
47007,0.0,0.0,0.0,0.0
47009,3752.0,150.0,36.0,0.0
47011,3863.0,225.0,38.0,0.0
47013,1152.0,62.0,12.0,12.0
47015,0.0,0.0,0.0,0.0
47017,1209.0,55.0,12.0,0.0
47019,1897.0,119.0,13.0,13.0
47021,1185.0,38.0,12.0,0.0
47023,0.0,0.0,0.0,0.0
47025,544.0,25.0,6.0,0.0
47027,0.0,0.0,0.0,0.0
47029,1239.0,64.0,10.0,0.0
47031,2073.0,61.0,12.0,0.0
47033,0.0,0.0,0.0,0.0
47035,1773.0,89.0,26.0,0.0
47037,34833.0,1308.0,169.0,150.0
47039,0.0,0.0,0.0,0.0
47041,756.0,32.0,12.0,0.0
47043,1968.0,71.0,9.0,0.0
47045,2447.0,82.0,16.0,0.0
47047,1817.0,92.0,20.0,0.0
47049,0.0,0.0,0.0,0.0
47051,1430.0,62.0,9.0,0.0
47053,2286.0,71.0,13.0,27.0
47055,1056.0,54.0,10.0,0.0
47057,676.0,31.0,5.0,0.0
47059,2145.0,107.0,24.0,24.0
47061,0.0,0.0,0.0,0.0
47063,2615.0,134.0,31.0,16.0
47065,12992.0,493.0,55.0,0.0
47067,0.0,0.0,0.0,0.0
47069,1986.0,81.0,21.0,0.0
47071,1438.0,37.0,10.0,0.0
47073,1381.0,79.0,10.0,0.0
47075,0.0,0.0,0.0,0.0
47077,1454.0,51.0,8.0,0.0
47079,917.0,42.0,9.0,0.0
47081,844.0,21.0,3.0,0.0
47083,0.0,0.0,0.0,0.0
47085,0.0,0.0,0.0,0.0
47087,0.0,0.0,0.0,0.0
47089,1655.0,83.0,15.0,0.0
47091,0.0,0.0,0.0,0.0
47093,14361.0,524.0,69.0,74.0
47095,0.0,0.0,0.0,0.0
47097,1530.0,61.0,18.0,0.0
47099,1808.0,73.0,19.0,0.0
47101,0.0,0.0,0.0,0.0
47103,994.0,29.0,13.0,0.0
47105,1753.0,53.0,9.0,0.0
47107,1829.0,89.0,18.0,11.0
47109,1155.0,41.0,6.0,0.0
47111,1412.0,92.0,14.0,0.0
47113,4145.0,222.0,24.0,11.0
47115,894.0,61.0,8.0,0.0
47117,1260.0,32.0,2.0,0.0
47119,3960.0,131.0,32.0,0.0
47121,0.0,0.0,0.0,0.0
47123,1592.0,93.0,29.0,0.0
47125,4740.0,161.0,40.0,12.0
47127,0.0,0.0,0.0,0.0
47129,461.0,11.0,1.0,0.0
47131,1919.0,63.0,14.0,11.0
47133,1242.0,48.0,5.0,15.0
47135,0.0,0.0,0.0,0.0
47137,0.0,0.0,0.0,0.0
47139,0.0,0.0,0.0,0.0
47141,4662.0,144.0,19.0,39.0
47143,1235.0,52.0,11.0,0.0
47145,1606.0,55.0,13.0,0.0
47147,2809.0,200.0,46.0,0.0
47149,13427.0,344.0,34.0,13.0
47151,444.0,21.0,5.0,0.0
47153,0.0,0.0,0.0,0.0
47155,3652.0,129.0,28.0,0.0
47157,39173.0,2393.0,320.0,442.0
47159,1064.0,39.0,12.0,0.0
47161,0.0,0.0,0.0,0.0
47163,4483.0,320.0,51.0,41.0
47165,6896.0,479.0,67.0,55.0
47167,2579.0,111.0,23.0,0.0
47169,0.0,0.0,0.0,0.0
47171,0.0,0.0,0.0,0.0
47173,0.0,0.0,0.0,0.0
47175,0.0,0.0,0.0,0.0
47177,1597.0,31.0,6.0,0.0
47179,4294.0,185.0,35.0,58.0
47181,0.0,0.0,0.0,0.0
47183,1667.0,38.0,7.0,0.0
47185,1328.0,71.0,13.0,0.0
47187,8053.0,168.0,23.0,14.0
47189,5374.0,161.0,27.0,0.0
48001,2118.0,0.0,0.0,0.0
48003,0.0,0.0,0.0,0.0
48005,0.0,0.0,0.0,0.0
48007,0.0,0.0,0.0,0.0
48009,0.0,0.0,0.0,0.0
48011,0.0,0.0,0.0,0.0
48013,0.0,0.0,0.0,0.0
48015,0.0,0.0,0.0,0.0
48017,0.0,0.0,0.0,0.0
48019,0.0,0.0,0.0,0.0
48021,0.0,0.0,0.0,0.0
48023,0.0,0.0,0.0,0.0
48025,0.0,0.0,0.0,0.0
48027,0.0,0.0,0.0,0.0
48029,6901.0,0.0,0.0,0.0
48031,0.0,0.0,0.0,0.0
48033,0.0,0.0,0.0,0.0
48035,0.0,0.0,0.0,0.0
48037,0.0,0.0,0.0,0.0
48039,1320.0,0.0,0.0,0.0
48041,3503.0,0.0,0.0,0.0
48043,0.0,0.0,0.0,0.0
48045,0.0,0.0,0.0,0.0
48047,0.0,0.0,0.0,0.0
48049,748.0,0.0,0.0,0.0
48051,0.0,0.0,0.0,0.0
48053,0.0,0.0,0.0,0.0
48055,0.0,0.0,0.0,0.0
48057,0.0,0.0,0.0,0.0
48059,0.0,0.0,0.0,0.0
48061,0.0,0.0,0.0,0.0
48063,0.0,0.0,0.0,0.0
48065,0.0,0.0,0.0,0.0
48067,0.0,0.0,0.0,0.0
48069,0.0,0.0,0.0,0.0
48071,0.0,0.0,0.0,0.0
48073,0.0,0.0,0.0,0.0
48075,0.0,0.0,0.0,0.0
48077,0.0,0.0,0.0,0.0
48079,0.0,0.0,0.0,0.0
48081,0.0,0.0,0.0,0.0
48083,0.0,0.0,0.0,0.0
48085,1290.0,0.0,0.0,0.0
48087,0.0,0.0,0.0,0.0
48089,0.0,0.0,0.0,0.0
48091,0.0,0.0,0.0,0.0
48093,0.0,0.0,0.0,0.0
48095,0.0,0.0,0.0,0.0
48097,0.0,0.0,0.0,0.0
48099,1104.0,0.0,0.0,0.0
48101,0.0,0.0,0.0,0.0
48103,0.0,0.0,0.0,0.0
48105,0.0,0.0,0.0,0.0
48107,0.0,0.0,0.0,0.0
48109,0.0,0.0,0.0,0.0
48111,0.0,0.0,0.0,0.0
48113,1922.0,4.0,1.0,0.0
48115,0.0,0.0,0.0,0.0
48117,0.0,0.0,0.0,0.0
48119,0.0,0.0,0.0,0.0
48121,2306.0,0.0,0.0,0.0
48123,0.0,0.0,0.0,0.0
48125,0.0,0.0,0.0,0.0
48127,0.0,0.0,0.0,0.0
48129,0.0,0.0,0.0,0.0
48131,0.0,0.0,0.0,0.0
48133,0.0,0.0,0.0,0.0
48135,0.0,0.0,0.0,0.0
48137,0.0,0.0,0.0,0.0
48139,0.0,0.0,0.0,0.0
48141,2181.0,0.0,0.0,0.0
48143,0.0,0.0,0.0,0.0
48145,0.0,0.0,0.0,0.0
48147,0.0,0.0,0.0,0.0
48149,0.0,0.0,0.0,0.0
48151,0.0,0.0,0.0,0.0
48153,0.0,0.0,0.0,0.0
48155,0.0,0.0,0.0,0.0
48157,0.0,0.0,0.0,0.0
48159,0.0,0.0,0.0,0.0
48161,0.0,0.0,0.0,0.0
48163,0.0,0.0,0.0,0.0
48165,0.0,0.0,0.0,0.0
48167,5968.0,0.0,0.0,0.0
48169,0.0,0.0,0.0,0.0
48171,0.0,0.0,0.0,0.0
48173,0.0,0.0,0.0,0.0
48175,0.0,0.0,0.0,0.0
48177,0.0,0.0,0.0,0.0
48179,0.0,0.0,0.0,0.0
48181,0.0,0.0,0.0,0.0
48183,0.0,0.0,0.0,0.0
48185,0.0,0.0,0.0,0.0
48187,0.0,0.0,0.0,0.0
48189,0.0,0.0,0.0,0.0
48191,0.0,0.0,0.0,0.0
48193,0.0,0.0,0.0,0.0
48195,0.0,0.0,0.0,0.0
48197,0.0,0.0,0.0,0.0
48199,0.0,0.0,0.0,0.0
48201,1734.0,0.0,0.0,0.0
48203,0.0,0.0,0.0,0.0
48205,0.0,0.0,0.0,0.0
48207,0.0,0.0,0.0,0.0
48209,0.0,0.0,0.0,0.0
48211,0.0,0.0,0.0,0.0
48213,0.0,0.0,0.0,0.0
48215,1378.0,0.0,0.0,0.0
48217,0.0,0.0,0.0,0.0
48219,0.0,0.0,0.0,0.0
48221,0.0,0.0,0.0,0.0
48223,0.0,0.0,0.0,0.0
48225,0.0,0.0,0.0,0.0
48227,0.0,0.0,0.0,0.0
48229,0.0,0.0,0.0,0.0
48231,0.0,0.0,0.0,0.0
48233,0.0,0.0,0.0,0.0
48235,0.0,0.0,0.0,0.0
48237,0.0,0.0,0.0,0.0
48239,0.0,0.0,0.0,0.0
48241,0.0,0.0,0.0,0.0
48243,0.0,0.0,0.0,0.0
48245,1366.0,0.0,0.0,0.0
48247,0.0,0.0,0.0,0.0
48249,0.0,0.0,0.0,0.0
48251,0.0,0.0,0.0,0.0
48253,534.0,0.0,0.0,0.0
48255,0.0,0.0,0.0,0.0
48257,0.0,0.0,0.0,0.0
48259,0.0,0.0,0.0,0.0
48261,0.0,0.0,0.0,0.0
48263,0.0,0.0,0.0,0.0
48265,0.0,0.0,0.0,0.0
48267,0.0,0.0,0.0,0.0
48269,0.0,0.0,0.0,0.0
48271,0.0,0.0,0.0,0.0
48273,0.0,0.0,0.0,0.0
48275,0.0,0.0,0.0,0.0
48277,0.0,0.0,0.0,0.0
48279,0.0,0.0,0.0,0.0
48281,0.0,0.0,0.0,0.0
48283,0.0,0.0,0.0,0.0
48285,0.0,0.0,0.0,0.0
48287,0.0,0.0,0.0,0.0
48289,0.0,0.0,0.0,0.0
48291,0.0,0.0,0.0,0.0
48293,0.0,0.0,0.0,0.0
48295,0.0,0.0,0.0,0.0
48297,0.0,0.0,0.0,0.0
48299,0.0,0.0,0.0,0.0
48301,0.0,0.0,0.0,0.0
48303,0.0,0.0,0.0,0.0
48305,0.0,0.0,0.0,0.0
48307,0.0,0.0,0.0,0.0
48309,0.0,0.0,0.0,0.0
48311,0.0,0.0,0.0,0.0
48313,0.0,0.0,0.0,0.0
48315,0.0,0.0,0.0,0.0
48317,0.0,0.0,0.0,0.0
48319,0.0,0.0,0.0,0.0
48321,0.0,0.0,0.0,0.0
48323,0.0,0.0,0.0,0.0
48325,0.0,0.0,0.0,0.0
48327,0.0,0.0,0.0,0.0
48329,0.0,0.0,0.0,0.0
48331,0.0,0.0,0.0,0.0
48333,0.0,0.0,0.0,0.0
48335,0.0,0.0,0.0,0.0
48337,0.0,0.0,0.0,0.0
48339,0.0,0.0,0.0,0.0
48341,0.0,0.0,0.0,0.0
48343,0.0,0.0,0.0,0.0
48345,0.0,0.0,0.0,0.0
48347,0.0,0.0,0.0,0.0
48349,1553.0,0.0,0.0,0.0
48351,0.0,0.0,0.0,0.0
48353,0.0,0.0,0.0,0.0
48355,1081.0,0.0,0.0,0.0
48357,0.0,0.0,0.0,0.0
48359,0.0,0.0,0.0,0.0
48361,0.0,0.0,0.0,0.0
48363,0.0,0.0,0.0,0.0
48365,0.0,0.0,0.0,0.0
48367,0.0,0.0,0.0,0.0
48369,0.0,0.0,0.0,0.0
48371,0.0,0.0,0.0,0.0
48373,0.0,0.0,0.0,0.0
48375,1363.0,0.0,0.0,0.0
48377,0.0,0.0,0.0,0.0
48379,0.0,0.0,0.0,0.0
48381,0.0,0.0,0.0,0.0
48383,0.0,0.0,0.0,0.0
48385,0.0,0.0,0.0,0.0
48387,0.0,0.0,0.0,0.0
48389,0.0,0.0,0.0,0.0
48391,0.0,0.0,0.0,0.0
48393,0.0,0.0,0.0,0.0
48395,0.0,0.0,0.0,0.0
48397,0.0,0.0,0.0,0.0
48399,0.0,0.0,0.0,0.0
48401,0.0,0.0,0.0,0.0
48403,0.0,0.0,0.0,0.0
48405,0.0,0.0,0.0,0.0
48407,0.0,0.0,0.0,0.0
48409,0.0,0.0,0.0,0.0
48411,0.0,0.0,0.0,0.0
48413,0.0,0.0,0.0,0.0
48415,0.0,0.0,0.0,0.0
48417,0.0,0.0,0.0,0.0
48419,0.0,0.0,0.0,0.0
48421,0.0,0.0,0.0,0.0
48423,0.0,0.0,0.0,0.0
48425,0.0,0.0,0.0,0.0
48427,0.0,0.0,0.0,0.0
48429,0.0,0.0,0.0,0.0
48431,0.0,0.0,0.0,0.0
48433,0.0,0.0,0.0,0.0
48435,0.0,0.0,0.0,0.0
48437,0.0,0.0,0.0,0.0
48439,0.0,0.0,0.0,0.0
48441,0.0,0.0,0.0,0.0
48443,0.0,0.0,0.0,0.0
48445,0.0,0.0,0.0,0.0
48447,0.0,0.0,0.0,0.0
48449,0.0,0.0,0.0,0.0
48451,0.0,0.0,0.0,0.0
48453,0.0,0.0,0.0,0.0
48455,0.0,0.0,0.0,0.0
48457,0.0,0.0,0.0,0.0
48459,0.0,0.0,0.0,0.0
48461,0.0,0.0,0.0,0.0
48463,0.0,0.0,0.0,0.0
48465,0.0,0.0,0.0,0.0
48467,0.0,0.0,0.0,0.0
48469,0.0,0.0,0.0,0.0
48471,2190.0,0.0,0.0,0.0
48473,0.0,0.0,0.0,0.0
48475,0.0,0.0,0.0,0.0
48477,0.0,0.0,0.0,0.0
48479,0.0,0.0,0.0,0.0
48481,0.0,0.0,0.0,0.0
48483,0.0,0.0,0.0,0.0
48485,0.0,0.0,0.0,0.0
48487,0.0,0.0,0.0,0.0
48489,0.0,0.0,0.0,0.0
48491,0.0,0.0,0.0,0.0
48493,0.0,0.0,0.0,0.0
48495,0.0,0.0,0.0,0.0
48497,0.0,0.0,0.0,0.0
48499,0.0,0.0,0.0,0.0
48501,0.0,0.0,0.0,0.0
48503,0.0,0.0,0.0,0.0
48505,0.0,0.0,0.0,0.0
48507,0.0,0.0,0.0,0.0
49001,0.0,0.0,0.0,0.0
49003,1227.0,16.0,22.0,0.0
49005,4965.0,12.0,34.0,0.0
49007,156.0,2.0,3.0,0.0
49009,0.0,0.0,0.0,0.0
49011,9907.0,196.0,77.0,0.0
49013,0.0,0.0,0.0,0.0
49015,0.0,0.0,0.0,0.0
49017,0.0,0.0,0.0,0.0
49019,0.0,0.0,0.0,0.0
49021,1039.0,28.0,13.0,0.0
49023,0.0,0.0,0.0,0.0
49025,0.0,0.0,0.0,0.0
49027,0.0,0.0,0.0,0.0
49029,0.0,0.0,0.0,0.0
49031,0.0,0.0,0.0,0.0
49033,0.0,0.0,0.0,0.0
49035,52777.0,1899.0,754.0,141.0
49037,0.0,0.0,0.0,0.0
49039,545.0,8.0,8.0,0.0
49041,356.0,4.0,3.0,0.0
49043,1547.0,26.0,14.0,0.0
49045,1634.0,15.0,16.0,0.0
49047,366.0,6.0,6.0,0.0
49049,33877.0,81.0,140.0,41.0
49051,1275.0,35.0,23.0,0.0
49053,5482.0,240.0,54.0,0.0
49055,0.0,0.0,0.0,0.0
49057,7700.0,82.0,38.0,0.0
50001,0.0,0.0,0.0,0.0
50003,62.0,9.0,4.0,0.0
50005,0.0,0.0,0.0,0.0
50007,1023.0,47.0,9.0,13.0
50009,0.0,0.0,0.0,0.0
50011,113.0,6.0,2.0,0.0
50013,0.0,0.0,0.0,0.0
50015,0.0,0.0,0.0,0.0
50017,0.0,0.0,0.0,0.0
50019,33.0,2.0,0.0,0.0
50021,82.0,5.0,3.0,0.0
50023,135.0,11.0,5.0,0.0
50025,132.0,12.0,6.0,0.0
50027,107.0,10.0,6.0,0.0
51001,1234.0,100.0,0.0,0.0
51003,1619.0,97.0,0.0,0.0
51005,0.0,0.0,0.0,0.0
51007,0.0,0.0,0.0,0.0
51009,599.0,26.0,0.0,0.0
51011,0.0,0.0,0.0,0.0
51013,4844.0,545.0,0.0,55.0
51015,739.0,34.0,0.0,0.0
51017,0.0,0.0,0.0,0.0
51019,1386.0,70.0,0.0,0.0
51021,0.0,0.0,0.0,0.0
51023,571.0,32.0,0.0,0.0
51025,0.0,0.0,0.0,0.0
51027,264.0,16.0,0.0,0.0
51029,0.0,0.0,0.0,0.0
51031,801.0,36.0,0.0,0.0
51033,446.0,34.0,0.0,0.0
51035,651.0,57.0,0.0,0.0
51036,0.0,0.0,0.0,0.0
51037,0.0,0.0,0.0,0.0
51041,7465.0,472.0,0.0,27.0
51043,0.0,0.0,0.0,0.0
51045,0.0,0.0,0.0,0.0
51047,1397.0,101.0,0.0,0.0
51049,0.0,0.0,0.0,0.0
51051,0.0,0.0,0.0,0.0
51053,546.0,45.0,0.0,0.0
51057,0.0,0.0,0.0,0.0
51059,25176.0,2389.0,0.0,354.0
51061,1106.0,57.0,0.0,0.0
51063,0.0,0.0,0.0,0.0
51065,423.0,39.0,0.0,0.0
51067,1054.0,52.0,0.0,0.0
51069,1241.0,79.0,0.0,0.0
51071,0.0,0.0,0.0,0.0
51073,335.0,16.0,0.0,0.0
51075,319.0,27.0,0.0,0.0
51077,0.0,0.0,0.0,0.0
51079,0.0,0.0,0.0,0.0
51081,0.0,0.0,0.0,0.0
51083,552.0,18.0,0.0,0.0
51085,1790.0,145.0,0.0,0.0
51087,6768.0,551.0,0.0,84.0
51089,1399.0,149.0,0.0,0.0
51091,0.0,0.0,0.0,0.0
51093,864.0,53.0,0.0,0.0
51095,965.0,75.0,0.0,0.0
51097,0.0,0.0,0.0,0.0
51099,291.0,27.0,0.0,0.0
51101,0.0,0.0,0.0,0.0
51103,0.0,0.0,0.0,0.0
51105,570.0,39.0,0.0,0.0
51107,8162.0,522.0,0.0,69.0
51109,412.0,49.0,0.0,0.0
51111,0.0,0.0,0.0,0.0
51113,0.0,0.0,0.0,0.0
51115,0.0,0.0,0.0,0.0
51117,868.0,40.0,0.0,0.0
51119,0.0,0.0,0.0,0.0
51121,3120.0,41.0,0.0,13.0
51125,0.0,0.0,0.0,0.0
51127,284.0,11.0,0.0,0.0
51131,0.0,0.0,0.0,0.0
51133,0.0,0.0,0.0,0.0
51135,0.0,0.0,0.0,0.0
51137,425.0,25.0,0.0,0.0
51139,465.0,50.0,0.0,0.0
51141,0.0,0.0,0.0,0.0
51143,1460.0,87.0,0.0,0.0
51145,327.0,22.0,0.0,0.0
51147,785.0,41.0,0.0,0.0
51149,1145.0,23.0,0.0,0.0
51153,14832.0,1059.0,0.0,67.0
51155,324.0,20.0,0.0,0.0
51157,0.0,0.0,0.0,0.0
51159,0.0,0.0,0.0,0.0
51161,1933.0,64.0,0.0,29.0
51163,152.0,7.0,0.0,0.0
51165,1840.0,153.0,0.0,0.0
51167,551.0,50.0,0.0,0.0
51169,464.0,38.0,0.0,0.0
51171,1057.0,100.0,0.0,24.0
51173,673.0,57.0,0.0,20.0
51175,0.0,0.0,0.0,0.0
51177,2522.0,177.0,0.0,0.0
51179,2473.0,178.0,0.0,0.0
51181,0.0,0.0,0.0,0.0
51183,0.0,0.0,0.0,0.0
51185,574.0,32.0,0.0,0.0
51187,632.0,45.0,0.0,0.0
51191,1234.0,133.0,0.0,0.0
51193,0.0,0.0,0.0,0.0
51195,731.0,50.0,0.0,0.0
51197,359.0,30.0,0.0,0.0
51199,681.0,29.0,0.0,0.0
51510,4423.0,321.0,0.0,17.0
51520,0.0,0.0,0.0,0.0
51530,0.0,0.0,0.0,0.0
51540,1628.0,51.0,0.0,0.0
51550,5195.0,508.0,0.0,0.0
51570,0.0,0.0,0.0,0.0
51580,0.0,0.0,0.0,0.0
51590,1223.0,127.0,0.0,0.0
51595,0.0,0.0,0.0,0.0
51600,0.0,0.0,0.0,0.0
51610,0.0,0.0,0.0,0.0
51620,0.0,0.0,0.0,0.0
51630,565.0,56.0,0.0,0.0
51640,0.0,0.0,0.0,0.0
51650,2195.0,138.0,0.0,0.0
51660,3158.0,105.0,0.0,11.0
51670,518.0,42.0,0.0,0.0
51678,0.0,0.0,0.0,0.0
51680,2097.0,85.0,0.0,0.0
51683,2057.0,138.0,0.0,0.0
51685,0.0,0.0,0.0,0.0
51690,0.0,0.0,0.0,0.0
51700,3328.0,171.0,0.0,0.0
51710,5604.0,434.0,0.0,0.0
51720,0.0,0.0,0.0,0.0
51730,940.0,83.0,0.0,0.0
51735,0.0,0.0,0.0,0.0
51740,2863.0,360.0,0.0,0.0
51750,0.0,0.0,0.0,0.0
51760,5636.0,476.0,0.0,0.0
51770,2980.0,124.0,0.0,21.0
51775,581.0,28.0,0.0,0.0
51790,431.0,18.0,0.0,0.0
51800,2346.0,171.0,0.0,0.0
51810,8217.0,502.0,0.0,0.0
51820,390.0,12.0,0.0,0.0
51830,0.0,0.0,0.0,0.0
51840,672.0,36.0,0.0,0.0
53001,0.0,0.0,0.0,0.0
53003,363.0,30.0,4.0,0.0
53005,5670.0,428.0,65.0,36.0
53007,2447.0,104.0,9.0,0.0
53009,247.0,7.0,2.0,0.0
53011,5437.0,428.0,47.0,0.0
53013,0.0,0.0,0.0,0.0
53015,910.0,48.0,22.0,0.0
53017,1446.0,74.0,8.0,0.0
53019,0.0,0.0,0.0,0.0
53021,5109.0,343.0,36.0,0.0
53023,0.0,0.0,0.0,0.0
53025,3423.0,187.0,10.0,0.0
53027,777.0,43.0,1.0,0.0
53029,412.0,38.0,5.0,0.0
53031,0.0,0.0,0.0,0.0
53033,29780.0,2736.0,659.0,518.0
53035,1730.0,120.0,6.0,0.0
53037,815.0,25.0,4.0,0.0
53039,0.0,0.0,0.0,0.0
53041,805.0,53.0,2.0,0.0
53043,0.0,0.0,0.0,0.0
53045,527.0,29.0,4.0,0.0
53047,1173.0,68.0,0.0,0.0
53049,0.0,0.0,0.0,0.0
53051,0.0,0.0,0.0,0.0
53053,11186.0,1042.0,46.0,34.0
53055,0.0,0.0,0.0,0.0
53057,1376.0,105.0,34.0,0.0
53059,0.0,0.0,0.0,0.0
53061,9823.0,957.0,179.0,100.0
53063,10429.0,706.0,126.0,123.0
53065,322.0,22.0,5.0,0.0
53067,2000.0,168.0,17.0,0.0
53069,0.0,0.0,0.0,0.0
53071,1343.0,84.0,7.0,0.0
53073,1669.0,112.0,42.0,0.0
53075,1815.0,33.0,0.0,0.0
53077,12605.0,857.0,114.0,109.0
54001,0.0,0.0,0.0,0.0
54003,0.0,0.0,0.0,0.0
54005,0.0,0.0,0.0,0.0
54007,0.0,0.0,0.0,0.0
54009,0.0,0.0,0.0,0.0
54011,0.0,0.0,0.0,0.0
54013,0.0,0.0,0.0,0.0
54015,0.0,0.0,0.0,0.0
54017,0.0,0.0,0.0,0.0
54019,0.0,0.0,0.0,0.0
54021,0.0,0.0,0.0,0.0
54023,0.0,0.0,0.0,0.0
54025,0.0,0.0,0.0,0.0
54027,0.0,0.0,0.0,0.0
54029,0.0,0.0,0.0,0.0
54031,0.0,0.0,0.0,0.0
54033,0.0,0.0,0.0,0.0
54035,0.0,0.0,0.0,0.0
54037,0.0,0.0,0.0,0.0
54039,1061.0,6.0,3.0,0.0
54041,0.0,0.0,0.0,0.0
54043,0.0,0.0,0.0,0.0
54045,0.0,0.0,0.0,0.0
54047,0.0,0.0,0.0,0.0
54049,0.0,0.0,0.0,0.0
54051,0.0,0.0,0.0,0.0
54053,0.0,0.0,0.0,0.0
54055,0.0,0.0,0.0,0.0
54057,0.0,0.0,0.0,0.0
54059,0.0,0.0,0.0,0.0
54061,0.0,0.0,0.0,0.0
54063,0.0,0.0,0.0,0.0
54065,0.0,0.0,0.0,0.0
54067,0.0,0.0,0.0,0.0
54069,0.0,0.0,0.0,0.0
54071,0.0,0.0,0.0,0.0
54073,0.0,0.0,0.0,0.0
54075,0.0,0.0,0.0,0.0
54077,0.0,0.0,0.0,0.0
54079,0.0,0.0,0.0,0.0
54081,0.0,0.0,0.0,0.0
54083,0.0,0.0,0.0,0.0
54085,0.0,0.0,0.0,0.0
54087,0.0,0.0,0.0,0.0
54089,0.0,0.0,0.0,0.0
54091,0.0,0.0,0.0,0.0
54093,0.0,0.0,0.0,0.0
54095,0.0,0.0,0.0,0.0
54097,0.0,0.0,0.0,0.0
54099,0.0,0.0,0.0,0.0
54101,0.0,0.0,0.0,0.0
54103,0.0,0.0,0.0,0.0
54105,0.0,0.0,0.0,0.0
54107,0.0,0.0,0.0,0.0
54109,0.0,0.0,0.0,0.0
55001,534.0,41.0,0.0,0.0
55003,0.0,0.0,0.0,0.0
55005,1254.0,60.0,0.0,15.0
55007,0.0,0.0,0.0,0.0
55009,14075.0,695.0,0.0,78.0
55011,0.0,0.0,0.0,0.0
55013,0.0,0.0,0.0,0.0
55015,2716.0,142.0,0.0,11.0
55017,1860.0,74.0,0.0,29.0
55019,1066.0,79.0,0.0,0.0
55021,1809.0,123.0,0.0,0.0
55023,0.0,0.0,0.0,0.0
55025,16042.0,620.0,0.0,50.0
55027,3699.0,279.0,0.0,41.0
55029,1038.0,32.0,0.0,0.0
55031,858.0,26.0,0.0,0.0
55033,1205.0,31.0,0.0,0.0
55035,4100.0,134.0,0.0,26.0
55037,0.0,0.0,0.0,0.0
55039,4680.0,274.0,0.0,28.0
55041,0.0,0.0,0.0,0.0
55043,1861.0,110.0,0.0,11.0
55045,1011.0,50.0,0.0,0.0
55047,0.0,0.0,0.0,0.0
55049,523.0,31.0,0.0,0.0
55051,0.0,0.0,0.0,0.0
55053,463.0,12.0,0.0,0.0
55055,3086.0,177.0,0.0,13.0
55057,656.0,45.0,0.0,0.0
55059,5744.0,437.0,0.0,21.0
55061,1056.0,55.0,0.0,0.0
55063,4622.0,114.0,0.0,0.0
55065,0.0,0.0,0.0,0.0
55067,0.0,0.0,0.0,0.0
55069,995.0,55.0,0.0,0.0
55071,2360.0,166.0,0.0,33.0
55073,4106.0,297.0,0.0,63.0
55075,1914.0,121.0,0.0,26.0
55077,0.0,0.0,0.0,0.0
55078,0.0,0.0,0.0,0.0
55079,26072.0,2518.0,0.0,361.0
55081,1328.0,63.0,0.0,0.0
55083,2337.0,134.0,0.0,12.0
55085,1272.0,66.0,0.0,0.0
55087,9094.0,347.0,0.0,66.0
55089,2530.0,152.0,0.0,0.0
55091,0.0,0.0,0.0,0.0
55093,913.0,37.0,0.0,0.0
55095,861.0,26.0,0.0,0.0
55097,3016.0,131.0,0.0,0.0
55099,0.0,0.0,0.0,0.0
55101,8425.0,625.0,0.0,50.0
55103,0.0,0.0,0.0,0.0
55105,4657.0,282.0,0.0,11.0
55107,0.0,0.0,0.0,0.0
55109,2125.0,90.0,0.0,0.0
55111,2016.0,79.0,0.0,0.0
55113,0.0,0.0,0.0,0.0
55115,1837.0,86.0,0.0,15.0
55117,4181.0,205.0,0.0,12.0
55119,602.0,29.0,0.0,0.0
55121,948.0,27.0,0.0,0.0
55123,517.0,18.0,0.0,0.0
55125,610.0,34.0,0.0,0.0
55127,3629.0,133.0,0.0,0.0
55129,0.0,0.0,0.0,0.0
55131,4763.0,192.0,0.0,11.0
55133,12885.0,783.0,0.0,134.0
55135,2333.0,131.0,0.0,43.0
55137,929.0,51.0,0.0,0.0
55139,7348.0,361.0,0.0,46.0
55141,2034.0,80.0,0.0,0.0
56001,0.0,0.0,0.0,0.0
56003,0.0,0.0,0.0,0.0
56005,0.0,0.0,0.0,0.0
56007,0.0,0.0,0.0,0.0
56009,0.0,0.0,0.0,0.0
56011,0.0,0.0,0.0,0.0
56013,0.0,0.0,0.0,0.0
56015,0.0,0.0,0.0,0.0
56017,0.0,0.0,0.0,0.0
56019,0.0,0.0,0.0,0.0
56021,0.0,0.0,0.0,0.0
56023,0.0,0.0,0.0,0.0
56025,0.0,0.0,0.0,0.0
56027,0.0,0.0,0.0,0.0
56029,0.0,0.0,0.0,0.0
56031,0.0,0.0,0.0,0.0
56033,0.0,0.0,0.0,0.0
56035,0.0,0.0,0.0,0.0
56037,0.0,0.0,0.0,0.0
56039,0.0,0.0,0.0,0.0
56041,0.0,0.0,0.0,0.0
56043,0.0,0.0,0.0,0.0
56045,0.0,0.0,0.0,0.0
NA,694998.0,31221.0,3987.0,8639.0
