FIPS Code,2020-10
01001,391.0
01003,937.0
01005,155.0
01007,203.0
01009,510.0
01011,0.0
01013,0.0
01015,1258.0
01017,205.0
01019,167.0
01021,326.0
01023,0.0
01025,275.0
01027,0.0
01029,0.0
01031,480.0
01033,594.0
01035,0.0
01037,0.0
01039,447.0
01041,0.0
01043,909.0
01045,457.0
01047,124.0
01049,1133.0
01051,503.0
01053,144.0
01055,938.0
01057,0.0
01059,354.0
01061,304.0
01063,0.0
01065,0.0
01067,0.0
01069,1304.0
01071,678.0
01073,4103.0
01075,0.0
01077,931.0
01079,310.0
01081,658.0
01083,896.0
01085,0.0
01087,0.0
01089,1593.0
01091,0.0
01093,178.0
01095,590.0
01097,3732.0
01099,67.0
01101,1766.0
01103,1170.0
01105,0.0
01107,0.0
01109,171.0
01111,192.0
01113,204.0
01115,829.0
01117,1488.0
01119,0.0
01121,594.0
01123,203.0
01125,1717.0
01127,571.0
01129,0.0
01131,0.0
01133,227.0
02013,0.0
02016,0.0
02020,4583.0
02050,0.0
02060,0.0
02068,0.0
02070,0.0
02090,1127.0
02100,0.0
02105,0.0
02110,272.0
02122,588.0
02130,0.0
02150,0.0
02158,0.0
02164,0.0
02170,1228.0
02180,0.0
02185,0.0
02188,0.0
02195,0.0
02198,0.0
02220,0.0
02230,0.0
02240,0.0
02261,0.0
02275,0.0
02282,0.0
02290,0.0
04001,478.0
04003,434.0
04005,1310.0
04007,662.0
04009,421.0
04011,0.0
04012,0.0
04013,19946.0
04015,619.0
04017,831.0
04019,3816.0
04021,2202.0
04023,254.0
04025,582.0
04027,1522.0
05001,0.0
05003,0.0
05005,339.0
05007,1362.0
05009,276.0
05011,0.0
05013,0.0
05015,258.0
05017,0.0
05019,101.0
05021,0.0
05023,97.0
05025,0.0
05027,133.0
05029,69.0
05031,1605.0
05033,554.0
05035,517.0
05037,0.0
05039,0.0
05041,0.0
05043,0.0
05045,674.0
05047,0.0
05049,0.0
05051,578.0
05053,0.0
05055,625.0
05057,172.0
05059,318.0
05061,0.0
05063,185.0
05065,0.0
05067,0.0
05069,676.0
05071,138.0
05073,0.0
05075,0.0
05077,0.0
05079,0.0
05081,0.0
05083,145.0
05085,398.0
05087,0.0
05089,0.0
05091,503.0
05093,607.0
05095,0.0
05097,0.0
05099,0.0
05101,0.0
05103,120.0
05105,0.0
05107,0.0
05109,0.0
05111,445.0
05113,0.0
05115,465.0
05117,0.0
05119,2384.0
05121,0.0
05123,224.0
05125,642.0
05127,0.0
05129,0.0
05131,940.0
05133,0.0
05135,0.0
05137,0.0
05139,155.0
05141,0.0
05143,1505.0
05145,583.0
05147,0.0
05149,93.0
06001,2532.0
06003,0.0
06005,72.0
06007,315.0
06009,36.0
06011,41.0
06013,2230.0
06015,40.0
06017,262.0
06019,3191.0
06021,102.0
06023,80.0
06025,1371.0
06027,0.0
06029,2256.0
06031,910.0
06033,148.0
06035,42.0
06037,36721.0
06039,524.0
06041,407.0
06043,0.0
06045,167.0
06047,801.0
06049,0.0
06051,0.0
06053,1656.0
06055,429.0
06057,131.0
06059,6503.0
06061,981.0
06063,0.0
06065,9459.0
06067,3821.0
06069,118.0
06071,11033.0
06073,10162.0
06075,1265.0
06077,1981.0
06079,739.0
06081,1255.0
06083,796.0
06085,3844.0
06087,527.0
06089,1294.0
06091,0.0
06093,73.0
06095,1400.0
06097,2140.0
06099,1412.0
06101,230.0
06103,368.0
06105,0.0
06107,1670.0
06109,77.0
06111,1774.0
06113,515.0
06115,214.0
08001,1615.0
08003,0.0
08005,2332.0
08007,0.0
08009,0.0
08011,0.0
08013,480.0
08014,118.0
08015,22.0
08017,0.0
08019,0.0
08021,0.0
08023,0.0
08025,0.0
08027,0.0
08029,44.0
08031,2181.0
08033,0.0
08035,557.0
08037,136.0
08039,20.0
08041,1888.0
08043,633.0
08045,144.0
08047,0.0
08049,0.0
08051,0.0
08053,0.0
08055,0.0
08057,0.0
08059,2178.0
08061,0.0
08063,0.0
08065,0.0
08067,102.0
08069,279.0
08071,0.0
08073,0.0
08075,193.0
08077,560.0
08079,0.0
08081,0.0
08083,52.0
08085,46.0
08087,84.0
08089,0.0
08091,0.0
08093,0.0
08095,0.0
08097,0.0
08099,0.0
08101,1015.0
08103,0.0
08105,0.0
08107,29.0
08109,0.0
08111,0.0
08113,0.0
08115,0.0
08117,197.0
08119,102.0
08121,0.0
08123,832.0
08125,0.0
09001,4583.0
09003,4046.0
09005,530.0
09007,558.0
09009,3491.0
09011,1845.0
09013,436.0
09015,497.0
10001,428.0
10003,2486.0
10005,1206.0
11001,0.0
12001,1996.0
12003,213.0
12005,572.0
12007,84.0
12009,1523.0
12011,9499.0
12013,0.0
12015,510.0
12017,428.0
12019,945.0
12021,1547.0
12023,298.0
12027,110.0
12029,0.0
12031,4187.0
12033,1101.0
12035,332.0
12037,0.0
12039,456.0
12041,0.0
12043,0.0
12045,0.0
12047,0.0
12049,180.0
12051,127.0
12053,638.0
12055,517.0
12057,6373.0
12059,0.0
12061,699.0
12063,366.0
12065,0.0
12067,0.0
12069,1163.0
12071,2387.0
12073,2074.0
12075,115.0
12077,0.0
12079,0.0
12081,1646.0
12083,2358.0
12085,624.0
12086,43934.0
12087,325.0
12089,154.0
12091,1210.0
12093,162.0
12095,9902.0
12097,2007.0
12099,9429.0
12101,1341.0
12103,3534.0
12105,2432.0
12107,289.0
12109,939.0
12111,954.0
12113,438.0
12115,1379.0
12117,1925.0
12119,393.0
12121,257.0
12123,126.0
12125,0.0
12127,1868.0
12129,93.0
12131,245.0
12133,292.0
13001,0.0
13003,0.0
13005,0.0
13007,0.0
13009,128.0
13011,0.0
13013,301.0
13015,724.0
13017,0.0
13019,0.0
13021,489.0
13023,0.0
13025,0.0
13027,0.0
13029,133.0
13031,230.0
13033,56.0
13035,77.0
13037,0.0
13039,155.0
13043,0.0
13045,641.0
13047,229.0
13049,0.0
13051,615.0
13053,0.0
13055,184.0
13057,1067.0
13059,556.0
13061,0.0
13063,897.0
13065,0.0
13067,2443.0
13069,197.0
13071,247.0
13073,600.0
13075,0.0
13077,391.0
13079,0.0
13081,72.0
13083,0.0
13085,26.0
13087,154.0
13089,2197.0
13091,145.0
13093,0.0
13095,152.0
13097,549.0
13099,0.0
13101,0.0
13103,305.0
13105,0.0
13107,0.0
13109,0.0
13111,127.0
13113,278.0
13115,760.0
13117,532.0
13119,122.0
13121,3649.0
13123,184.0
13125,0.0
13127,250.0
13129,614.0
13131,67.0
13133,0.0
13135,3155.0
13137,109.0
13139,522.0
13141,0.0
13143,194.0
13145,42.0
13147,67.0
13149,0.0
13151,763.0
13153,570.0
13155,0.0
13157,327.0
13159,0.0
13161,0.0
13163,0.0
13165,0.0
13167,0.0
13169,70.0
13171,0.0
13173,0.0
13175,264.0
13177,57.0
13179,98.0
13181,0.0
13183,0.0
13185,570.0
13187,0.0
13189,86.0
13191,0.0
13193,0.0
13195,104.0
13197,0.0
13199,36.0
13201,0.0
13205,41.0
13207,67.0
13209,0.0
13211,0.0
13213,250.0
13215,301.0
13217,266.0
13219,112.0
13221,0.0
13223,475.0
13225,111.0
13227,177.0
13229,0.0
13231,0.0
13233,306.0
13235,0.0
13237,78.0
13239,0.0
13241,0.0
13243,0.0
13245,771.0
13247,261.0
13249,0.0
13251,0.0
13253,0.0
13255,300.0
13257,0.0
13259,0.0
13261,37.0
13263,0.0
13265,0.0
13267,95.0
13269,0.0
13271,0.0
13273,0.0
13275,99.0
13277,151.0
13279,136.0
13281,0.0
13283,0.0
13285,263.0
13287,0.0
13289,0.0
13291,0.0
13293,19.0
13295,347.0
13297,297.0
13299,317.0
13301,0.0
13303,138.0
13305,141.0
13307,0.0
13309,0.0
13311,35.0
13313,1007.0
13315,0.0
13317,0.0
13319,0.0
13321,64.0
15001,505.0
15003,4459.0
15005,0.0
15007,0.0
15009,134.0
16001,4445.0
16003,0.0
16005,1558.0
16007,0.0
16009,0.0
16011,635.0
16013,240.0
16015,0.0
16017,176.0
16019,2039.0
16021,0.0
16023,0.0
16025,0.0
16027,2496.0
16029,0.0
16031,721.0
16033,0.0
16035,0.0
16037,0.0
16039,244.0
16041,0.0
16043,0.0
16045,0.0
16047,0.0
16049,0.0
16051,418.0
16053,460.0
16055,1877.0
16057,400.0
16059,0.0
16061,0.0
16063,0.0
16065,1747.0
16067,501.0
16069,671.0
16071,0.0
16073,0.0
16075,261.0
16077,0.0
16079,0.0
16081,0.0
16083,2076.0
16085,0.0
16087,0.0
17001,1564.0
17003,0.0
17005,0.0
17007,1213.0
17009,0.0
17011,622.0
17013,0.0
17015,0.0
17017,0.0
17019,2230.0
17021,730.0
17023,0.0
17025,0.0
17027,905.0
17029,1002.0
17031,78562.0
17033,0.0
17035,0.0
17037,1640.0
17039,0.0
17041,0.0
17043,12512.0
17045,0.0
17047,0.0
17049,788.0
17051,389.0
17053,0.0
17055,696.0
17057,530.0
17059,0.0
17061,0.0
17063,977.0
17065,0.0
17067,0.0
17069,0.0
17071,0.0
17073,642.0
17075,595.0
17077,406.0
17079,0.0
17081,589.0
17083,390.0
17085,492.0
17087,0.0
17089,9472.0
17091,2553.0
17093,2043.0
17095,1082.0
17097,9468.0
17099,2175.0
17101,0.0
17103,855.0
17105,557.0
17107,343.0
17109,432.0
17111,5117.0
17113,2109.0
17115,2861.0
17117,636.0
17119,3620.0
17121,677.0
17123,0.0
17125,0.0
17127,0.0
17129,0.0
17131,0.0
17133,597.0
17135,301.0
17137,743.0
17139,0.0
17141,827.0
17143,2428.0
17145,221.0
17147,0.0
17149,0.0
17151,0.0
17153,0.0
17155,0.0
17157,609.0
17159,0.0
17161,2625.0
17163,2480.0
17165,363.0
17167,3861.0
17169,0.0
17171,0.0
17173,447.0
17175,0.0
17177,1060.0
17179,2021.0
17181,0.0
17183,1286.0
17185,0.0
17187,0.0
17189,0.0
17191,0.0
17193,0.0
17195,1810.0
17197,12297.0
17199,989.0
17201,6600.0
17203,478.0
18001,400.0
18003,3215.0
18005,296.0
18007,0.0
18009,0.0
18011,610.0
18013,0.0
18015,227.0
18017,275.0
18019,899.0
18021,209.0
18023,335.0
18025,0.0
18027,248.0
18029,382.0
18031,116.0
18033,430.0
18035,1357.0
18037,666.0
18039,2406.0
18041,361.0
18043,593.0
18045,0.0
18047,98.0
18049,0.0
18051,325.0
18053,520.0
18055,270.0
18057,1866.0
18059,414.0
18061,283.0
18063,900.0
18065,567.0
18067,429.0
18069,307.0
18071,369.0
18073,181.0
18075,211.0
18077,157.0
18079,98.0
18081,1000.0
18083,326.0
18085,942.0
18087,194.0
18089,3413.0
18091,178.0
18093,516.0
18095,868.0
18097,4080.0
18099,372.0
18101,0.0
18103,281.0
18105,816.0
18107,104.0
18109,179.0
18111,0.0
18113,437.0
18115,0.0
18117,0.0
18119,0.0
18121,0.0
18123,0.0
18125,0.0
18127,1446.0
18129,0.0
18131,0.0
18133,211.0
18135,267.0
18137,209.0
18139,0.0
18141,1185.0
18143,163.0
18145,187.0
18147,182.0
18149,183.0
18151,229.0
18153,121.0
18155,0.0
18157,933.0
18159,0.0
18161,0.0
18163,798.0
18165,0.0
18167,1163.0
18169,258.0
18171,0.0
18173,212.0
18175,122.0
18177,671.0
18179,248.0
18181,129.0
18183,245.0
19001,0.0
19003,0.0
19005,0.0
19007,0.0
19009,0.0
19011,434.0
19013,1937.0
19015,297.0
19017,288.0
19019,267.0
19021,0.0
19023,0.0
19025,0.0
19027,495.0
19029,0.0
19031,0.0
19033,559.0
19035,0.0
19037,0.0
19039,0.0
19041,0.0
19043,0.0
19045,578.0
19047,0.0
19049,1084.0
19051,0.0
19053,0.0
19055,0.0
19057,797.0
19059,0.0
19061,1995.0
19063,0.0
19065,0.0
19067,0.0
19069,0.0
19071,0.0
19073,0.0
19075,0.0
19077,0.0
19079,0.0
19081,0.0
19083,0.0
19085,0.0
19087,0.0
19089,0.0
19091,0.0
19093,0.0
19095,0.0
19097,0.0
19099,463.0
19101,0.0
19103,1145.0
19105,404.0
19107,0.0
19109,0.0
19111,624.0
19113,2952.0
19115,0.0
19117,0.0
19119,0.0
19121,0.0
19123,401.0
19125,399.0
19127,446.0
19129,0.0
19131,0.0
19133,0.0
19135,0.0
19137,0.0
19139,581.0
19141,0.0
19143,0.0
19145,0.0
19147,0.0
19149,578.0
19151,0.0
19153,5307.0
19155,1349.0
19157,0.0
19159,0.0
19161,0.0
19163,2521.0
19165,0.0
19167,828.0
19169,835.0
19171,0.0
19173,0.0
19175,0.0
19177,0.0
19179,310.0
19181,586.0
19183,321.0
19185,0.0
19187,583.0
19189,0.0
19191,0.0
19193,1917.0
19195,0.0
19197,0.0
20001,0.0
20003,0.0
20005,0.0
20007,0.0
20009,307.0
20011,0.0
20013,0.0
20015,625.0
20017,0.0
20019,0.0
20021,0.0
20023,0.0
20025,0.0
20027,0.0
20029,0.0
20031,0.0
20033,0.0
20035,152.0
20037,431.0
20039,0.0
20041,0.0
20043,0.0
20045,635.0
20047,0.0
20049,0.0
20051,395.0
20053,0.0
20055,703.0
20057,656.0
20059,192.0
20061,149.0
20063,0.0
20065,0.0
20067,0.0
20069,0.0
20071,0.0
20073,0.0
20075,0.0
20077,0.0
20079,399.0
20081,0.0
20083,0.0
20085,0.0
20087,0.0
20089,0.0
20091,4660.0
20093,0.0
20095,0.0
20097,0.0
20099,0.0
20101,0.0
20103,440.0
20105,0.0
20107,0.0
20109,0.0
20111,340.0
20113,284.0
20115,0.0
20117,0.0
20119,0.0
20121,200.0
20123,0.0
20125,253.0
20127,0.0
20129,0.0
20131,0.0
20133,0.0
20135,0.0
20137,0.0
20139,0.0
20141,0.0
20143,0.0
20145,0.0
20147,0.0
20149,139.0
20151,0.0
20153,0.0
20155,1004.0
20157,0.0
20159,0.0
20161,256.0
20163,0.0
20165,0.0
20167,0.0
20169,474.0
20171,0.0
20173,5272.0
20175,448.0
20177,1076.0
20179,0.0
20181,0.0
20183,0.0
20185,0.0
20187,0.0
20189,0.0
20191,156.0
20193,0.0
20195,0.0
20197,0.0
20199,0.0
20201,0.0
20203,0.0
20205,0.0
20207,0.0
20209,1689.0
21001,0.0
21003,247.0
21005,283.0
21007,0.0
21009,219.0
21011,0.0
21013,309.0
21015,0.0
21017,0.0
21019,260.0
21021,196.0
21023,0.0
21025,0.0
21027,0.0
21029,702.0
21031,0.0
21033,0.0
21035,445.0
21037,0.0
21039,0.0
21041,0.0
21043,167.0
21045,0.0
21047,0.0
21049,146.0
21051,0.0
21053,0.0
21055,0.0
21057,0.0
21059,530.0
21061,0.0
21063,0.0
21065,0.0
21067,2161.0
21069,0.0
21071,271.0
21073,212.0
21075,0.0
21077,0.0
21079,0.0
21081,0.0
21083,205.0
21085,190.0
21087,0.0
21089,0.0
21091,0.0
21093,912.0
21095,165.0
21097,0.0
21099,0.0
21101,473.0
21103,0.0
21105,0.0
21107,395.0
21109,0.0
21111,376.0
21113,394.0
21115,0.0
21117,0.0
21119,0.0
21121,389.0
21123,0.0
21125,664.0
21127,0.0
21129,0.0
21131,0.0
21133,130.0
21135,0.0
21137,79.0
21139,0.0
21141,0.0
21143,0.0
21145,397.0
21147,0.0
21149,0.0
21151,573.0
21153,0.0
21155,0.0
21157,199.0
21159,0.0
21161,0.0
21163,184.0
21165,0.0
21167,94.0
21169,0.0
21171,0.0
21173,309.0
21175,0.0
21177,130.0
21179,616.0
21181,0.0
21183,142.0
21185,174.0
21187,0.0
21189,0.0
21191,0.0
21193,249.0
21195,409.0
21197,0.0
21199,284.0
21201,0.0
21203,0.0
21205,139.0
21207,0.0
21209,274.0
21211,353.0
21213,0.0
21215,0.0
21217,293.0
21219,0.0
21221,0.0
21223,0.0
21225,0.0
21227,81.0
21229,0.0
21231,162.0
21233,0.0
21235,447.0
21237,0.0
21239,156.0
22001,0.0
22003,0.0
22005,0.0
22007,0.0
22009,0.0
22011,0.0
22013,0.0
22015,0.0
22017,0.0
22019,0.0
22021,0.0
22023,0.0
22025,0.0
22027,0.0
22029,0.0
22031,0.0
22033,0.0
22035,0.0
22037,0.0
22039,0.0
22041,0.0
22043,0.0
22045,0.0
22047,0.0
22049,0.0
22051,0.0
22053,0.0
22055,0.0
22057,0.0
22059,0.0
22061,0.0
22063,0.0
22065,0.0
22067,0.0
22069,0.0
22071,0.0
22073,0.0
22075,0.0
22077,0.0
22079,0.0
22081,0.0
22083,0.0
22085,0.0
22087,0.0
22089,0.0
22091,0.0
22093,0.0
22095,0.0
22097,0.0
22099,0.0
22101,0.0
22103,0.0
22105,0.0
22107,0.0
22109,0.0
22111,0.0
22113,0.0
22115,0.0
22117,0.0
22119,0.0
22121,0.0
22123,0.0
22125,0.0
22127,0.0
23001,141.0
23003,18.0
23005,403.0
23007,40.0
23009,30.0
23011,199.0
23013,0.0
23015,0.0
23017,43.0
23019,85.0
23021,0.0
23023,24.0
23025,150.0
23027,0.0
23029,0.0
23031,275.0
24001,426.0
24003,1620.0
24005,1928.0
24009,256.0
24011,81.0
24013,314.0
24015,269.0
24017,0.0
24019,0.0
24021,698.0
24023,0.0
24025,585.0
24027,292.0
24029,0.0
24031,2774.0
24033,4830.0
24035,142.0
24037,162.0
24039,152.0
24041,0.0
24043,467.0
24045,121.0
24047,167.0
24510,3197.0
25001,354.0
25003,94.0
25005,2729.0
25007,0.0
25009,4685.0
25011,70.0
25013,2143.0
25015,254.0
25017,5511.0
25019,0.0
25021,1891.0
25023,2120.0
25025,4496.0
25027,2955.0
26001,0.0
26003,0.0
26005,772.0
26007,53.0
26009,107.0
26011,0.0
26013,0.0
26015,475.0
26017,591.0
26019,0.0
26021,1204.0
26023,324.0
26025,1487.0
26027,425.0
26029,128.0
26031,91.0
26033,76.0
26035,209.0
26037,573.0
26039,0.0
26041,668.0
26043,551.0
26045,664.0
26047,235.0
26049,1193.0
26051,153.0
26053,0.0
26055,417.0
26057,223.0
26059,238.0
26061,276.0
26063,80.0
26065,1061.0
26067,657.0
26069,105.0
26071,0.0
26073,467.0
26075,610.0
26077,1568.0
26079,0.0
26081,6000.0
26083,0.0
26085,0.0
26087,372.0
26089,0.0
26091,369.0
26093,924.0
26095,0.0
26097,0.0
26099,57.0
26101,0.0
26103,1383.0
26105,160.0
26107,375.0
26109,291.0
26111,613.0
26113,0.0
26115,670.0
26117,372.0
26119,0.0
26121,418.0
26123,326.0
26125,139.0
26127,155.0
26129,83.0
26131,0.0
26133,124.0
26135,0.0
26137,136.0
26139,2311.0
26141,0.0
26143,117.0
26145,1172.0
26147,580.0
26149,514.0
26151,107.0
26153,0.0
26155,313.0
26157,274.0
26159,461.0
26161,1953.0
26163,4157.0
26165,78.0
27001,0.0
27003,4549.0
27005,498.0
27007,560.0
27009,758.0
27011,0.0
27013,505.0
27015,259.0
27017,404.0
27019,690.0
27021,395.0
27023,0.0
27025,944.0
27027,1405.0
27029,0.0
27031,0.0
27033,0.0
27035,985.0
27037,3596.0
27039,171.0
27041,595.0
27043,0.0
27045,171.0
27047,244.0
27049,416.0
27051,0.0
27053,11099.0
27055,0.0
27057,419.0
27059,416.0
27061,495.0
27063,0.0
27065,0.0
27067,895.0
27069,0.0
27071,0.0
27073,0.0
27075,0.0
27077,0.0
27079,260.0
27081,0.0
27083,331.0
27085,223.0
27087,0.0
27089,0.0
27091,0.0
27093,207.0
27095,434.0
27097,748.0
27099,231.0
27101,0.0
27103,293.0
27105,521.0
27107,0.0
27109,1165.0
27111,691.0
27113,0.0
27115,330.0
27117,0.0
27119,893.0
27121,0.0
27123,4921.0
27125,0.0
27127,0.0
27129,0.0
27131,554.0
27133,0.0
27135,0.0
27137,1862.0
27139,1485.0
27141,1108.0
27143,0.0
27145,3127.0
27147,321.0
27149,0.0
27151,0.0
27153,558.0
27155,0.0
27157,244.0
27159,0.0
27161,0.0
27163,3548.0
27165,0.0
27167,0.0
27169,542.0
27171,1605.0
27173,0.0
28001,0.0
28003,0.0
28005,0.0
28007,0.0
28009,0.0
28011,0.0
28013,0.0
28015,0.0
28017,0.0
28019,0.0
28021,0.0
28023,0.0
28025,0.0
28027,0.0
28029,0.0
28031,0.0
28033,19.0
28035,0.0
28037,0.0
28039,0.0
28041,0.0
28043,0.0
28045,0.0
28047,68.0
28049,0.0
28051,0.0
28053,0.0
28055,0.0
28057,0.0
28059,40.0
28061,0.0
28063,0.0
28065,0.0
28067,0.0
28069,0.0
28071,0.0
28073,0.0
28075,0.0
28077,0.0
28079,0.0
28081,0.0
28083,0.0
28085,0.0
28087,0.0
28089,0.0
28091,0.0
28093,0.0
28095,0.0
28097,0.0
28099,0.0
28101,0.0
28103,0.0
28105,0.0
28107,0.0
28109,0.0
28111,0.0
28113,0.0
28115,0.0
28117,0.0
28119,0.0
28121,0.0
28123,0.0
28125,0.0
28127,0.0
28129,0.0
28131,0.0
28133,0.0
28135,0.0
28137,0.0
28139,0.0
28141,0.0
28143,0.0
28145,0.0
28147,0.0
28149,0.0
28151,26.0
28153,0.0
28155,0.0
28157,0.0
28159,0.0
28161,0.0
28163,0.0
29001,0.0
29003,0.0
29005,0.0
29007,0.0
29009,0.0
29011,0.0
29013,0.0
29015,0.0
29017,0.0
29019,1009.0
29021,145.0
29023,0.0
29025,0.0
29027,0.0
29029,0.0
29031,0.0
29033,0.0
29035,0.0
29037,0.0
29039,0.0
29041,0.0
29043,0.0
29045,0.0
29047,505.0
29049,0.0
29051,0.0
29053,0.0
29055,0.0
29057,0.0
29059,0.0
29061,0.0
29063,0.0
29065,0.0
29067,0.0
29069,0.0
29071,0.0
29073,0.0
29075,0.0
29077,981.0
29079,0.0
29081,0.0
29083,0.0
29085,0.0
29087,0.0
29089,0.0
29091,0.0
29093,0.0
29095,6999.0
29097,907.0
29099,439.0
29101,0.0
29103,0.0
29105,0.0
29107,0.0
29109,0.0
29111,0.0
29113,0.0
29115,0.0
29117,0.0
29119,0.0
29121,0.0
29123,0.0
29125,0.0
29127,0.0
29129,0.0
29131,0.0
29133,0.0
29135,0.0
29137,0.0
29139,0.0
29141,0.0
29143,0.0
29145,0.0
29147,0.0
29149,0.0
29151,0.0
29153,0.0
29155,0.0
29157,0.0
29159,0.0
29161,0.0
29163,0.0
29165,0.0
29167,0.0
29169,0.0
29171,0.0
29173,0.0
29175,0.0
29177,0.0
29179,0.0
29181,0.0
29183,2966.0
29185,0.0
29186,0.0
29187,0.0
29189,8533.0
29195,0.0
29197,0.0
29199,0.0
29201,0.0
29203,0.0
29205,0.0
29207,0.0
29209,0.0
29211,0.0
29213,0.0
29215,0.0
29217,0.0
29219,0.0
29221,0.0
29223,0.0
29225,0.0
29227,0.0
29229,0.0
29510,2099.0
30001,0.0
30003,0.0
30005,0.0
30007,0.0
30009,0.0
30011,0.0
30013,1227.0
30015,0.0
30017,0.0
30019,0.0
30021,0.0
30023,0.0
30025,0.0
30027,0.0
30029,1790.0
30031,2442.0
30033,0.0
30035,0.0
30037,0.0
30039,0.0
30041,0.0
30043,0.0
30045,0.0
30047,366.0
30049,829.0
30051,0.0
30053,0.0
30055,0.0
30057,0.0
30059,0.0
30061,0.0
30063,1148.0
30065,0.0
30067,0.0
30069,0.0
30071,0.0
30073,0.0
30075,0.0
30077,0.0
30079,0.0
30081,436.0
30083,0.0
30085,0.0
30087,0.0
30089,0.0
30091,0.0
30093,363.0
30095,0.0
30097,0.0
30099,0.0
30101,0.0
30103,0.0
30105,0.0
30107,0.0
30109,0.0
30111,3747.0
31001,412.0
31003,0.0
31005,0.0
31007,0.0
31009,0.0
31011,0.0
31013,0.0
31015,0.0
31017,0.0
31019,732.0
31021,0.0
31023,0.0
31025,194.0
31027,0.0
31029,0.0
31031,0.0
31033,0.0
31035,0.0
31037,0.0
31039,0.0
31041,0.0
31043,204.0
31045,0.0
31047,255.0
31049,0.0
31051,0.0
31053,474.0
31055,5285.0
31057,0.0
31059,0.0
31061,0.0
31063,0.0
31065,0.0
31067,250.0
31069,0.0
31071,0.0
31073,0.0
31075,0.0
31077,0.0
31079,835.0
31081,0.0
31083,0.0
31085,0.0
31087,0.0
31089,0.0
31091,0.0
31093,0.0
31095,0.0
31097,0.0
31099,0.0
31101,0.0
31103,0.0
31105,0.0
31107,0.0
31109,1194.0
31111,587.0
31113,0.0
31115,0.0
31117,0.0
31119,726.0
31121,0.0
31123,0.0
31125,0.0
31127,0.0
31129,0.0
31131,0.0
31133,0.0
31135,0.0
31137,0.0
31139,0.0
31141,508.0
31143,0.0
31145,0.0
31147,0.0
31149,0.0
31151,0.0
31153,1899.0
31155,204.0
31157,690.0
31159,0.0
31161,0.0
31163,0.0
31165,0.0
31167,0.0
31169,0.0
31171,0.0
31173,0.0
31175,0.0
31177,205.0
31179,0.0
31181,0.0
31183,0.0
31185,0.0
32001,0.0
32003,16363.0
32005,0.0
32007,633.0
32009,0.0
32011,0.0
32013,0.0
32015,0.0
32017,0.0
32019,0.0
32021,0.0
32023,273.0
32027,0.0
32029,0.0
32031,4233.0
32033,0.0
32510,0.0
33001,0.0
33003,0.0
33005,0.0
33007,0.0
33009,0.0
33011,44.0
33013,0.0
33015,11.0
33017,0.0
33019,0.0
34001,1807.0
34003,3621.0
34005,1846.0
34007,2645.0
34009,381.0
34011,547.0
34013,4940.0
34015,1528.0
34017,3342.0
34019,400.0
34021,1153.0
34023,3481.0
34025,2815.0
34027,2040.0
34029,3343.0
34031,2847.0
34033,179.0
34035,1108.0
34037,312.0
34039,3814.0
34041,308.0
35001,3478.0
35003,0.0
35005,666.0
35006,122.0
35007,0.0
35009,635.0
35011,0.0
35013,2100.0
35015,502.0
35017,0.0
35019,0.0
35021,0.0
35023,0.0
35025,635.0
35027,0.0
35028,0.0
35029,336.0
35031,258.0
35033,0.0
35035,252.0
35037,0.0
35039,0.0
35041,0.0
35043,551.0
35045,345.0
35047,0.0
35049,559.0
35051,0.0
35053,0.0
35055,0.0
35057,0.0
35059,0.0
35061,312.0
36001,1309.0
36003,319.0
36005,3374.0
36007,2188.0
36009,379.0
36011,460.0
36013,529.0
36015,1818.0
36017,255.0
36019,278.0
36021,250.0
36023,515.0
36025,84.0
36027,896.0
36029,2881.0
36031,55.0
36033,352.0
36035,125.0
36037,247.0
36039,345.0
36041,0.0
36043,205.0
36045,210.0
36047,7483.0
36049,162.0
36051,216.0
36053,200.0
36055,3260.0
36057,110.0
36059,6534.0
36061,3350.0
36063,713.0
36065,919.0
36067,2195.0
36069,420.0
36071,1592.0
36073,74.0
36075,329.0
36077,156.0
36079,235.0
36081,5562.0
36083,211.0
36085,1822.0
36087,2603.0
36089,362.0
36091,793.0
36093,527.0
36095,65.0
36097,0.0
36099,0.0
36101,755.0
36103,6785.0
36105,254.0
36107,452.0
36109,270.0
36111,469.0
36113,148.0
36115,69.0
36117,320.0
36119,4836.0
36121,136.0
36123,121.0
37001,1368.0
37003,511.0
37005,0.0
37007,94.0
37009,259.0
37011,0.0
37013,344.0
37015,0.0
37017,164.0
37019,565.0
37021,1054.0
37023,684.0
37025,1049.0
37027,995.0
37029,0.0
37031,519.0
37033,217.0
37035,1587.0
37037,272.0
37039,131.0
37041,0.0
37043,0.0
37045,1016.0
37047,395.0
37049,705.0
37051,1688.0
37053,47.0
37055,116.0
37057,996.0
37059,227.0
37061,422.0
37063,1540.0
37065,641.0
37067,2157.0
37069,265.0
37071,2488.0
37073,0.0
37075,0.0
37077,339.0
37079,269.0
37081,3091.0
37083,409.0
37085,728.0
37087,171.0
37089,477.0
37091,62.0
37093,330.0
37095,0.0
37097,959.0
37099,459.0
37101,1340.0
37103,0.0
37105,453.0
37107,535.0
37109,841.0
37111,335.0
37113,131.0
37115,189.0
37117,178.0
37119,5905.0
37121,0.0
37123,179.0
37125,545.0
37127,1062.0
37129,1111.0
37131,0.0
37133,1357.0
37135,438.0
37137,0.0
37139,174.0
37141,483.0
37143,0.0
37145,291.0
37147,1252.0
37149,79.0
37151,1091.0
37153,386.0
37155,1475.0
37157,831.0
37159,819.0
37161,464.0
37163,597.0
37165,374.0
37167,408.0
37169,260.0
37171,676.0
37173,0.0
37175,109.0
37177,0.0
37179,1135.0
37181,188.0
37183,3961.0
37185,0.0
37187,0.0
37189,507.0
37191,1232.0
37193,632.0
37195,911.0
37197,341.0
37199,0.0
38001,0.0
38003,0.0
38005,0.0
38007,0.0
38009,0.0
38011,0.0
38013,0.0
38015,1968.0
38017,2699.0
38019,0.0
38021,0.0
38023,0.0
38025,0.0
38027,0.0
38029,0.0
38031,0.0
38033,0.0
38035,1352.0
38037,0.0
38039,0.0
38041,0.0
38043,0.0
38045,0.0
38047,0.0
38049,0.0
38051,0.0
38053,0.0
38055,0.0
38057,0.0
38059,633.0
38061,0.0
38063,0.0
38065,0.0
38067,0.0
38069,0.0
38071,0.0
38073,0.0
38075,0.0
38077,0.0
38079,0.0
38081,0.0
38083,0.0
38085,0.0
38087,0.0
38089,374.0
38091,0.0
38093,0.0
38095,0.0
38097,0.0
38099,0.0
38101,1569.0
38103,0.0
38105,484.0
39001,134.0
39003,1123.0
39005,227.0
39007,41.0
39009,463.0
39011,640.0
39013,69.0
39015,0.0
39017,811.0
39019,76.0
39021,153.0
39023,840.0
39025,1132.0
39027,276.0
39029,292.0
39031,194.0
39033,363.0
39035,3698.0
39037,408.0
39039,329.0
39041,398.0
39043,183.0
39045,804.0
39047,226.0
39049,5767.0
39051,317.0
39053,122.0
39055,248.0
39057,828.0
39059,283.0
39061,3308.0
39063,396.0
39065,159.0
39067,0.0
39069,194.0
39071,261.0
39073,77.0
39075,559.0
39077,198.0
39079,252.0
39081,11.0
39083,283.0
39085,628.0
39087,340.0
39089,1002.0
39091,279.0
39093,262.0
39095,1405.0
39097,211.0
39099,850.0
39101,382.0
39103,720.0
39105,0.0
39107,616.0
39109,523.0
39111,0.0
39113,3221.0
39115,0.0
39117,233.0
39119,568.0
39121,0.0
39123,178.0
39125,0.0
39127,147.0
39129,264.0
39131,189.0
39133,576.0
39135,283.0
39137,696.0
39139,663.0
39141,504.0
39143,266.0
39145,475.0
39147,335.0
39149,309.0
39151,850.0
39153,2170.0
39155,781.0
39157,697.0
39159,279.0
39161,237.0
39163,0.0
39165,923.0
39167,86.0
39169,1006.0
39171,259.0
39173,746.0
39175,115.0
40001,226.0
40003,0.0
40005,0.0
40007,0.0
40009,385.0
40011,0.0
40013,670.0
40015,366.0
40017,1836.0
40019,405.0
40021,327.0
40023,0.0
40025,0.0
40027,2601.0
40029,0.0
40031,1155.0
40033,0.0
40035,0.0
40037,468.0
40039,396.0
40041,550.0
40043,0.0
40045,0.0
40047,792.0
40049,444.0
40051,562.0
40053,0.0
40055,0.0
40057,0.0
40059,0.0
40061,0.0
40063,0.0
40065,409.0
40067,0.0
40069,0.0
40071,286.0
40073,0.0
40075,0.0
40077,0.0
40079,564.0
40081,347.0
40083,400.0
40085,0.0
40087,535.0
40089,382.0
40091,0.0
40093,0.0
40095,0.0
40097,358.0
40099,0.0
40101,613.0
40103,0.0
40105,0.0
40107,0.0
40109,6637.0
40111,437.0
40113,323.0
40115,411.0
40117,0.0
40119,560.0
40121,346.0
40123,455.0
40125,937.0
40127,0.0
40129,0.0
40131,688.0
40133,394.0
40135,382.0
40137,382.0
40139,0.0
40141,0.0
40143,5560.0
40145,497.0
40147,406.0
40149,0.0
40151,0.0
40153,210.0
41001,0.0
41003,137.0
41005,1146.0
41007,0.0
41009,73.0
41011,107.0
41013,0.0
41015,0.0
41017,443.0
41019,161.0
41021,0.0
41023,0.0
41025,0.0
41027,39.0
41029,834.0
41031,55.0
41033,58.0
41035,91.0
41037,0.0
41039,1167.0
41041,42.0
41043,349.0
41045,332.0
41047,1605.0
41049,0.0
41051,3204.0
41053,183.0
41055,0.0
41057,0.0
41059,459.0
41061,76.0
41063,0.0
41065,57.0
41067,1866.0
41069,0.0
41071,280.0
42001,345.0
42003,3710.0
42005,335.0
42007,387.0
42009,222.0
42011,2583.0
42013,781.0
42015,737.0
42017,1888.0
42019,854.0
42021,651.0
42023,0.0
42025,177.0
42027,1277.0
42029,1438.0
42031,126.0
42033,178.0
42035,82.0
42037,154.0
42039,342.0
42041,698.0
42043,1260.0
42045,2645.0
42047,165.0
42049,763.0
42051,285.0
42053,0.0
42055,605.0
42057,0.0
42059,108.0
42061,633.0
42063,518.0
42065,124.0
42067,63.0
42069,1310.0
42071,2123.0
42073,517.0
42075,1186.0
42077,1368.0
42079,1599.0
42081,265.0
42083,115.0
42085,434.0
42087,252.0
42089,335.0
42091,2371.0
42093,0.0
42095,1141.0
42097,510.0
42099,152.0
42101,8729.0
42103,66.0
42105,0.0
42107,1012.0
42109,154.0
42111,285.0
42113,0.0
42115,137.0
42117,194.0
42119,197.0
42121,232.0
42123,47.0
42125,755.0
42127,45.0
42129,2248.0
42131,103.0
42133,1874.0
44001,44.0
44003,223.0
44005,49.0
44007,2557.0
44009,89.0
45001,197.0
45003,854.0
45005,0.0
45007,1521.0
45009,0.0
45011,153.0
45013,568.0
45015,799.0
45017,0.0
45019,1716.0
45021,409.0
45023,240.0
45025,299.0
45027,106.0
45029,249.0
45031,480.0
45033,277.0
45035,702.0
45037,142.0
45039,111.0
45041,779.0
45043,581.0
45045,3782.0
45047,349.0
45049,0.0
45051,2249.0
45053,125.0
45055,515.0
45057,530.0
45059,297.0
45061,0.0
45063,1835.0
45065,0.0
45067,274.0
45069,226.0
45071,383.0
45073,701.0
45075,286.0
45077,1512.0
45079,2406.0
45081,59.0
45083,2507.0
45085,443.0
45087,214.0
45089,151.0
45091,1699.0
46003,0.0
46005,0.0
46007,0.0
46009,0.0
46011,332.0
46013,430.0
46015,0.0
46017,0.0
46019,0.0
46021,0.0
46023,0.0
46025,0.0
46027,0.0
46029,244.0
46031,0.0
46033,0.0
46035,0.0
46037,0.0
46039,0.0
46041,0.0
46043,0.0
46045,0.0
46047,0.0
46049,0.0
46051,0.0
46053,0.0
46055,0.0
46057,0.0
46059,0.0
46061,0.0
46063,0.0
46065,0.0
46067,0.0
46069,0.0
46071,0.0
46073,0.0
46075,0.0
46077,0.0
46079,0.0
46081,277.0
46083,790.0
46085,0.0
46087,0.0
46089,0.0
46091,0.0
46093,193.0
46095,0.0
46097,0.0
46099,2355.0
46101,0.0
46102,0.0
46103,912.0
46105,0.0
46107,0.0
46109,0.0
46111,0.0
46115,0.0
46117,0.0
46119,0.0
46121,0.0
46123,0.0
46125,0.0
46127,0.0
46129,0.0
46135,205.0
46137,0.0
47001,673.0
47003,499.0
47005,0.0
47007,0.0
47009,1066.0
47011,772.0
47013,642.0
47015,0.0
47017,241.0
47019,659.0
47021,329.0
47023,0.0
47025,103.0
47027,0.0
47029,465.0
47031,709.0
47033,0.0
47035,494.0
47037,6645.0
47039,0.0
47041,214.0
47043,622.0
47045,887.0
47047,537.0
47049,0.0
47051,373.0
47053,436.0
47055,360.0
47057,252.0
47059,921.0
47061,0.0
47063,575.0
47065,2908.0
47067,0.0
47069,328.0
47071,330.0
47073,497.0
47075,0.0
47077,240.0
47079,273.0
47081,196.0
47083,0.0
47085,0.0
47087,0.0
47089,431.0
47091,0.0
47093,3831.0
47095,0.0
47097,488.0
47099,672.0
47101,0.0
47103,336.0
47105,459.0
47107,616.0
47109,212.0
47111,283.0
47113,959.0
47115,311.0
47117,437.0
47119,1420.0
47121,0.0
47123,473.0
47125,1401.0
47127,0.0
47129,138.0
47131,563.0
47133,422.0
47135,0.0
47137,0.0
47139,0.0
47141,1141.0
47143,313.0
47145,645.0
47147,487.0
47149,3374.0
47151,223.0
47153,0.0
47155,898.0
47157,6962.0
47159,249.0
47161,0.0
47163,2056.0
47165,1714.0
47167,649.0
47169,0.0
47171,0.0
47173,0.0
47175,0.0
47177,470.0
47179,1768.0
47181,0.0
47183,351.0
47185,418.0
47187,2318.0
47189,1561.0
48001,11.0
48003,0.0
48005,0.0
48007,0.0
48009,0.0
48011,0.0
48013,0.0
48015,0.0
48017,0.0
48019,0.0
48021,0.0
48023,0.0
48025,0.0
48027,0.0
48029,15.0
48031,0.0
48033,0.0
48035,0.0
48037,0.0
48039,0.0
48041,45.0
48043,0.0
48045,0.0
48047,0.0
48049,105.0
48051,0.0
48053,0.0
48055,0.0
48057,0.0
48059,0.0
48061,0.0
48063,0.0
48065,0.0
48067,0.0
48069,0.0
48071,0.0
48073,0.0
48075,0.0
48077,0.0
48079,0.0
48081,0.0
48083,0.0
48085,24.0
48087,0.0
48089,0.0
48091,0.0
48093,0.0
48095,0.0
48097,0.0
48099,0.0
48101,0.0
48103,0.0
48105,0.0
48107,0.0
48109,0.0
48111,0.0
48113,0.0
48115,0.0
48117,0.0
48119,0.0
48121,0.0
48123,0.0
48125,0.0
48127,0.0
48129,0.0
48131,0.0
48133,0.0
48135,0.0
48137,0.0
48139,0.0
48141,0.0
48143,0.0
48145,0.0
48147,0.0
48149,0.0
48151,0.0
48153,0.0
48155,0.0
48157,0.0
48159,0.0
48161,0.0
48163,0.0
48165,0.0
48167,41.0
48169,0.0
48171,0.0
48173,0.0
48175,0.0
48177,0.0
48179,0.0
48181,0.0
48183,0.0
48185,0.0
48187,0.0
48189,0.0
48191,0.0
48193,0.0
48195,0.0
48197,0.0
48199,0.0
48201,0.0
48203,0.0
48205,0.0
48207,0.0
48209,0.0
48211,0.0
48213,0.0
48215,0.0
48217,0.0
48219,0.0
48221,0.0
48223,0.0
48225,0.0
48227,0.0
48229,0.0
48231,0.0
48233,0.0
48235,0.0
48237,0.0
48239,0.0
48241,0.0
48243,0.0
48245,0.0
48247,0.0
48249,0.0
48251,0.0
48253,0.0
48255,0.0
48257,0.0
48259,0.0
48261,0.0
48263,0.0
48265,0.0
48267,0.0
48269,0.0
48271,0.0
48273,0.0
48275,0.0
48277,0.0
48279,0.0
48281,0.0
48283,0.0
48285,0.0
48287,0.0
48289,0.0
48291,0.0
48293,0.0
48295,0.0
48297,0.0
48299,0.0
48301,0.0
48303,0.0
48305,0.0
48307,0.0
48309,0.0
48311,0.0
48313,0.0
48315,0.0
48317,0.0
48319,0.0
48321,0.0
48323,0.0
48325,0.0
48327,0.0
48329,0.0
48331,0.0
48333,0.0
48335,0.0
48337,0.0
48339,0.0
48341,0.0
48343,0.0
48345,0.0
48347,0.0
48349,0.0
48351,0.0
48353,0.0
48355,0.0
48357,0.0
48359,0.0
48361,0.0
48363,0.0
48365,0.0
48367,0.0
48369,0.0
48371,0.0
48373,0.0
48375,0.0
48377,0.0
48379,0.0
48381,0.0
48383,0.0
48385,0.0
48387,0.0
48389,0.0
48391,0.0
48393,0.0
48395,0.0
48397,0.0
48399,0.0
48401,0.0
48403,0.0
48405,0.0
48407,0.0
48409,0.0
48411,0.0
48413,0.0
48415,0.0
48417,0.0
48419,0.0
48421,0.0
48423,0.0
48425,0.0
48427,0.0
48429,0.0
48431,0.0
48433,0.0
48435,0.0
48437,0.0
48439,0.0
48441,0.0
48443,0.0
48445,0.0
48447,0.0
48449,0.0
48451,0.0
48453,0.0
48455,0.0
48457,0.0
48459,0.0
48461,0.0
48463,0.0
48465,0.0
48467,0.0
48469,0.0
48471,12.0
48473,0.0
48475,0.0
48477,0.0
48479,0.0
48481,0.0
48483,0.0
48485,0.0
48487,0.0
48489,0.0
48491,0.0
48493,0.0
48495,0.0
48497,0.0
48499,0.0
48501,0.0
48503,0.0
48505,0.0
48507,0.0
49001,0.0
49003,593.0
49005,1817.0
49007,111.0
49009,0.0
49011,4025.0
49013,0.0
49015,0.0
49017,0.0
49019,0.0
49021,263.0
49023,0.0
49025,0.0
49027,0.0
49029,0.0
49031,0.0
49033,0.0
49035,18903.0
49037,0.0
49039,321.0
49041,224.0
49043,483.0
49045,758.0
49047,256.0
49049,11440.0
49051,427.0
49053,1980.0
49055,0.0
49057,3107.0
50001,0.0
50003,14.0
50005,0.0
50007,210.0
50009,0.0
50011,15.0
50013,0.0
50015,0.0
50017,0.0
50019,33.0
50021,0.0
50023,77.0
50025,32.0
50027,36.0
51001,49.0
51003,254.0
51005,0.0
51007,0.0
51009,207.0
51011,0.0
51013,772.0
51015,219.0
51017,0.0
51019,517.0
51021,0.0
51023,231.0
51025,0.0
51027,118.0
51029,0.0
51031,317.0
51033,85.0
51035,168.0
51036,0.0
51037,0.0
51041,1294.0
51043,0.0
51045,0.0
51047,188.0
51049,0.0
51051,0.0
51053,146.0
51057,0.0
51059,3489.0
51061,160.0
51063,0.0
51065,56.0
51067,627.0
51069,329.0
51071,0.0
51073,93.0
51075,55.0
51077,0.0
51079,0.0
51081,0.0
51083,190.0
51085,426.0
51087,1065.0
51089,307.0
51091,0.0
51093,104.0
51095,121.0
51097,0.0
51099,55.0
51101,0.0
51103,0.0
51105,280.0
51107,1152.0
51109,95.0
51111,0.0
51113,0.0
51115,0.0
51117,147.0
51119,0.0
51121,909.0
51125,0.0
51127,77.0
51131,0.0
51133,0.0
51135,0.0
51137,101.0
51139,84.0
51141,0.0
51143,348.0
51145,93.0
51147,185.0
51149,270.0
51153,2043.0
51155,106.0
51157,0.0
51159,0.0
51161,921.0
51163,42.0
51165,303.0
51167,266.0
51169,276.0
51171,228.0
51173,146.0
51175,0.0
51177,352.0
51179,434.0
51181,0.0
51183,0.0
51185,253.0
51187,196.0
51191,590.0
51193,0.0
51195,307.0
51197,113.0
51199,117.0
51510,479.0
51520,0.0
51530,0.0
51540,233.0
51550,714.0
51570,0.0
51580,0.0
51590,321.0
51595,0.0
51600,0.0
51610,0.0
51620,0.0
51630,52.0
51640,0.0
51650,320.0
51660,320.0
51670,113.0
51678,0.0
51680,542.0
51683,137.0
51685,0.0
51690,0.0
51700,522.0
51710,641.0
51720,0.0
51730,182.0
51735,0.0
51740,258.0
51750,0.0
51760,773.0
51770,1131.0
51775,260.0
51790,169.0
51800,345.0
51810,1241.0
51820,118.0
51830,0.0
51840,152.0
53001,0.0
53003,242.0
53005,956.0
53007,345.0
53009,36.0
53011,1730.0
53013,0.0
53015,215.0
53017,126.0
53019,0.0
53021,671.0
53023,0.0
53025,386.0
53027,223.0
53029,106.0
53031,0.0
53033,6328.0
53035,423.0
53037,249.0
53039,0.0
53041,198.0
53043,0.0
53045,113.0
53047,52.0
53049,0.0
53051,0.0
53053,2769.0
53055,0.0
53057,227.0
53059,0.0
53061,2386.0
53063,3000.0
53065,130.0
53067,696.0
53069,0.0
53071,417.0
53073,262.0
53075,464.0
53077,768.0
54001,0.0
54003,0.0
54005,0.0
54007,0.0
54009,0.0
54011,0.0
54013,0.0
54015,0.0
54017,0.0
54019,0.0
54021,0.0
54023,0.0
54025,0.0
54027,0.0
54029,0.0
54031,0.0
54033,0.0
54035,0.0
54037,0.0
54039,0.0
54041,0.0
54043,0.0
54045,0.0
54047,0.0
54049,0.0
54051,0.0
54053,0.0
54055,0.0
54057,0.0
54059,0.0
54061,0.0
54063,0.0
54065,0.0
54067,0.0
54069,0.0
54071,0.0
54073,0.0
54075,0.0
54077,0.0
54079,0.0
54081,0.0
54083,0.0
54085,0.0
54087,0.0
54089,0.0
54091,0.0
54093,0.0
54095,0.0
54097,0.0
54099,0.0
54101,0.0
54103,0.0
54105,0.0
54107,0.0
54109,0.0
55001,283.0
55003,0.0
55005,827.0
55007,0.0
55009,6211.0
55011,0.0
55013,0.0
55015,1475.0
55017,1315.0
55019,615.0
55021,1073.0
55023,0.0
55025,5803.0
55027,2073.0
55029,664.0
55031,408.0
55033,672.0
55035,2019.0
55037,0.0
55039,2377.0
55041,0.0
55043,856.0
55045,484.0
55047,0.0
55049,351.0
55051,0.0
55053,311.0
55055,1551.0
55057,311.0
55059,2173.0
55061,536.0
55063,1693.0
55065,0.0
55067,0.0
55069,709.0
55071,1182.0
55073,2551.0
55075,898.0
55077,0.0
55078,0.0
55079,7129.0
55081,719.0
55083,1150.0
55085,777.0
55087,4909.0
55089,1164.0
55091,0.0
55093,446.0
55095,593.0
55097,1482.0
55099,0.0
55101,3274.0
55103,0.0
55105,2285.0
55107,0.0
55109,1212.0
55111,1034.0
55113,0.0
55115,1025.0
55117,2481.0
55119,375.0
55121,410.0
55123,295.0
55125,395.0
55127,906.0
55129,0.0
55131,2096.0
55133,5470.0
55135,1209.0
55137,523.0
55139,3976.0
55141,1179.0
56001,0.0
56003,0.0
56005,0.0
56007,0.0
56009,0.0
56011,0.0
56013,0.0
56015,0.0
56017,0.0
56019,0.0
56021,0.0
56023,0.0
56025,0.0
56027,0.0
56029,0.0
56031,0.0
56033,0.0
56035,0.0
56037,0.0
56039,0.0
56041,0.0
56043,0.0
56045,0.0
NA,178445.0
